


-- ==========================  USERS  =====================--

DROP DATABASE IF EXISTS USER_SRVC;
DROP USER IF EXISTS 'USER_SRVC_TEST'@'localhost';

CREATE USER 'USER_SRVC_TEST'@'localhost' IDENTIFIED BY 'iabus9bie9eeZ8wein2ohfaequien';

SYSTEM mysql -u USER_SRVC_TEST -piabus9bie9eeZ8wein2ohfaequien

CREATE DATABASE USER_SRVC;

GRANT ALL PRIVILEGES ON USER_SRVC.* TO 'USER_SRVC_TEST'@'localhost';

USE USER_SRVC;

-- ==========================  SEQUENCES  =====================--

-- CALL CreateSequence('USER_ID_SEQ', 1050, 1);
-- CALL CreateSequence('REMARK_ID_SEQ', 1250, 1);
-- CALL CreateSequence('PHOTO_ID_SEQ', 13350, 1);

-- ==========================  TABLES  =====================--

CREATE TABLE UUSER_ABS (
  ID BIGINT(20) PRIMARY KEY,
  FULL_NAME VARCHAR(64),
  EMAIL VARCHAR(128) UNIQUE,
  USER_TOKEN VARCHAR(64),
  PASSWORD VARCHAR(128),
  DTYPE VARCHAR(8) DEFAULT 'UUser'
);

CREATE TABLE USER_PHOTO (
  ID BIGINT(20) PRIMARY KEY,
  USER_ID BIGINT(20),
  PHOTO LONGBLOB,
  CONSTRAINT FK_USER_PHOTO FOREIGN KEY (USER_ID) REFERENCES UUSER_ABS(ID)
);


CREATE TABLE REMARK(
  ID BIGINT(20) PRIMARY KEY,
  POSTER_ID BIGINT(20),
  CONVERSATION_ID BIGINT(20),
  CONTENT LONGTEXT,
  TIME_STAMP DATETIME(6),
  CONSTRAINT FK_POSTER_REMARK FOREIGN KEY (POSTER_ID) REFERENCES UUSER_ABS(ID)
);

CREATE TABLE HAS_READ(
  REMARK_ID BIGINT(20),
  USER_ID BIGINT(20),
  CONSTRAINT FK_REMARK_HAS_READ FOREIGN KEY (REMARK_ID) REFERENCES REMARK(ID),
  CONSTRAINT FK_USER_HAS_READ FOREIGN KEY (USER_ID) REFERENCES UUSER_ABS(ID),
  CONSTRAINT COMP_PK_HAS_READ PRIMARY KEY (REMARK_ID, USER_ID)
);

CREATE TABLE COLLAPSE_USER(
  FOR_USER_ID BIGINT(20),
  TARGET_USER_ID BIGINT(20),
  CONSTRAINT FK_FOR_USER FOREIGN KEY (FOR_USER_ID) REFERENCES UUSER_ABS(ID),
  CONSTRAINT FK_TARGET_USER FOREIGN KEY (TARGET_USER_ID) REFERENCES UUSER_ABS(ID),
  CONSTRAINT COMP_PK_COLLAPSE_USER PRIMARY KEY (FOR_USER_ID, TARGET_USER_ID)
);

-- ==========================  JUnit Test Data  =====================--

INSERT INTO UUSER_ABS (ID,FULL_NAME,EMAIL,PASSWORD,USER_TOKEN) VALUES (1,'Jozsef Morrissey','jozsef.morrissey@gmail.com', '$2a$10$z8aWZRFkRjPkg4dmC6.jfeWKmFslrY95tN8RgdHy0JtSCXZhQnf4e','[B@d077e31');
INSERT INTO UUSER_ABS (ID,FULL_NAME,EMAIL,PASSWORD,USER_TOKEN) VALUES (2,'Jerad Morrissey','red3091@gmail.com','$2a$10$z8aWZRFkRjPkg4dmC6.jfeWKmFslrY95tN8RgdHy0JtSCXZhQnf4e','[B@d077e31');
INSERT INTO UUSER_ABS (USER_TOKEN,ID,FULL_NAME,EMAIL,PASSWORD) VALUES ('[B@d077e31',3,'Susan Bernard','in@imperdiet.com','Cras');
INSERT INTO UUSER_ABS (USER_TOKEN,ID,FULL_NAME,EMAIL,PASSWORD) VALUES ('[B@d077e31',4,'Calvin Singleton','gravida.mauris.ut@velitduisemper.org','ultrices. Duis volutpat nunc');
INSERT INTO UUSER_ABS (USER_TOKEN,ID,FULL_NAME,EMAIL,PASSWORD) VALUES ('[B@d077e31',5,'Haviva Hull','egestas.blandit@Ut.co.uk','bibendum. Donec');
INSERT INTO UUSER_ABS (USER_TOKEN,ID,FULL_NAME,EMAIL,PASSWORD) VALUES ('[B@d077e31',6,'Amal Figueroa','In.faucibus@velfaucibus.ca','erat volutpat. Nulla');
INSERT INTO UUSER_ABS (USER_TOKEN,ID,FULL_NAME,EMAIL,PASSWORD) VALUES ('[B@d077e31',7,'Sade Reid','Pellentesque.ultricies.dignissim@ategestas.co.uk','ac');
INSERT INTO UUSER_ABS (USER_TOKEN,ID,FULL_NAME,EMAIL,PASSWORD) VALUES ('[B@d077e31',8,'Jared Estrada','convallis.ligula.Donec@estarcuac.org','est arcu ac');
INSERT INTO UUSER_ABS (USER_TOKEN,ID,FULL_NAME,EMAIL,PASSWORD) VALUES ('[B@d077e31',9,'Lana Abbott','posuere@enim.edu','malesuada id,erat. Etiam');
INSERT INTO UUSER_ABS (USER_TOKEN,ID,FULL_NAME,EMAIL,PASSWORD) VALUES ('[B@d077e31',10,'Edan Chavez','dapibus@in.net','mauris');
INSERT INTO UUSER_ABS (USER_TOKEN,ID,FULL_NAME,EMAIL,PASSWORD) VALUES ('[B@d077e31',11,'Fletcher Crosby','nunc.sed.libero@elementumlorem.net','erat. Vivamus nisi.');
INSERT INTO UUSER_ABS (USER_TOKEN,ID,FULL_NAME,EMAIL,PASSWORD) VALUES ('[B@d077e31',12,'Adrian Goodman','dictum.Phasellus@consectetuermauris.org','ipsum nunc id');
INSERT INTO UUSER_ABS (USER_TOKEN,ID,FULL_NAME,EMAIL,PASSWORD) VALUES ('[B@d077e31',13,'Sean Alston','Nam.porttitor.scelerisque@Utsagittislobortis.net','Pellentesque tincidunt');
INSERT INTO UUSER_ABS (USER_TOKEN,ID,FULL_NAME,EMAIL,PASSWORD) VALUES ('[B@d077e31',14,'Emerald Horn','nibh.enim.gravida@CuraeDonectincidunt.com','sit amet,faucibus ut,');
INSERT INTO UUSER_ABS (USER_TOKEN,ID,FULL_NAME,EMAIL,PASSWORD) VALUES ('[B@d077e31',15,'Reese Jimenez','pellentesque.a@duinec.ca','dolor. Fusce mi lorem,');

INSERT INTO USER_PHOTO (ID, USER_ID, PHOTO) VALUES (1, 1, 'FFD8FFE000104A46494600010100000100010000FFDB004300100B0C0E0C0A100E0D0E1211101318281A181616183123251D283A333D3C3933383740485C4E404457453738506D51575F626768673E4D71797064785C656763FFC0000B080032003201011100FFC4001F0000010501010101010100000000000000000102030405060708090A0BFFC400B5100002010303020403050504040000017D01020300041105122131410613516107227114328191A1082342B1C11552D1F02433627282090A161718191A25262728292A3435363738393A434445464748494A535455565758595A636465666768696A737475767778797A838485868788898A92939495969798999AA2A3A4A5A6A7A8A9AAB2B3B4B5B6B7B8B9BAC2C3C4C5C6C7C8C9CAD2D3D4D5D6D7D8D9DAE1E2E3E4E5E6E7E8E9EAF1F2F3F4F5F6F7F8F9FAFFDA0008010100003F00EFE8A28A28A2A3FB44226F27CE8FCDEBB370DDF9543A9DFC3A658C97539F9507007563D80AF37D4FC43A8EA52B179DE28BB451315503FAFE355AD354BFB3903DBDDCC8476DE483F5078AF41F0D6BCBACDB32C8A12E62C6F51D08FEF0AD696E21836F9D3471EEE06F6033F9D495E5F7DA56AF6DA84D33DBDC3488E64F3D149CF3F781156357D4EEEFFC3B64D752EF633C818E31F740C671F535B771E12D3A3D0DE5577F3D22F33CEDFC12067A74C551F09F87EC753B092EAF373B6F2810315DB8039E3BF350E9D11D1FC5B736F6D2E5238E41B8F3C6CDC33F4205654C9AB6B727DAE482E2E89C28658CED1EC31C57536DA378816DA25FB7F9784036173F2F1D2BAA9268A204C9222003277301815CAEBD75A5EB71FF0067594E8D77B8C91B0185770395DDEA4571EF7F7DF65FB1BDCCDE42F1E5163818ED8FE949697F77645BEC9732C3BFEF6C6C66B7BC3AF69A591A8EAD21CDD8291291BC95FE276F63D3F3AEE2D6F6CEE6157B6B889E3E836B0FCAAC5796DDE95AADCEB124335BCB25C3C872E54ED3CF5CF4C574FA5782A3B69639EF2E5A4951832AC5F2A820E473D4FE95CE78A6C5ECF5DB9F918472B798871C1CF27F5CD654304B3CAB1451B33B9DAA0027935E85A8F84ADAFA18409A48A68625895872B803D2B8ED53C3F7FA6DC88DA16995BEEC912120FB7B1AE96DACFC502D6202E028083E566191C743EF5D6D2D2628000E8296929692968A28A28AFFD9');
INSERT INTO USER_PHOTO (ID, USER_ID, PHOTO) VALUES (2, 2, 'FFD8FFE000104A46494600010100000100010000FFDB004300100B0C0E0C0A100E0D0E1211101318281A181616183123251D283A333D3C3933383740485C4E404457453738506D51575F626768673E4D71797064785C656763FFC0000B080032003201011100FFC4001F0000010501010101010100000000000000000102030405060708090A0BFFC400B5100002010303020403050504040000017D01020300041105122131410613516107227114328191A1082342B1C11552D1F02433627282090A161718191A25262728292A3435363738393A434445464748494A535455565758595A636465666768696A737475767778797A838485868788898A92939495969798999AA2A3A4A5A6A7A8A9AAB2B3B4B5B6B7B8B9BAC2C3C4C5C6C7C8C9CAD2D3D4D5D6D7D8D9DAE1E2E3E4E5E6E7E8E9EAF1F2F3F4F5F6F7F8F9FAFFDA0008010100003F00EFE8A28A28A2A3FB44226F27CE8FCDEBB370DDF9543A9DFC3A658C97539F9507007563D80AF37D4FC43A8EA52B179DE28BB451315503FAFE355AD354BFB3903DBDDCC8476DE483F5078AF41F0D6BCBACDB32C8A12E62C6F51D08FEF0AD696E21836F9D3471EEE06F6033F9D495E5F7DA56AF6DA84D33DBDC3488E64F3D149CF3F781156357D4EEEFFC3B64D752EF633C818E31F740C671F535B771E12D3A3D0DE5577F3D22F33CEDFC12067A74C551F09F87EC753B092EAF373B6F2810315DB8039E3BF350E9D11D1FC5B736F6D2E5238E41B8F3C6CDC33F4205654C9AB6B727DAE482E2E89C28658CED1EC31C57536DA378816DA25FB7F9784036173F2F1D2BAA9268A204C9222003277301815CAEBD75A5EB71FF0067594E8D77B8C91B0185770395DDEA4571EF7F7DF65FB1BDCCDE42F1E5163818ED8FE949697F77645BEC9732C3BFEF6C6C66B7BC3AF69A591A8EAD21CDD8291291BC95FE276F63D3F3AEE2D6F6CEE6157B6B889E3E836B0FCAAC5796DDE95AADCEB124335BCB25C3C872E54ED3CF5CF4C574FA5782A3B69639EF2E5A4951832AC5F2A820E473D4FE95CE78A6C5ECF5DB9F918472B798871C1CF27F5CD654304B3CAB1451B33B9DAA0027935E85A8F84ADAFA18409A48A68625895872B803D2B8ED53C3F7FA6DC88DA16995BEEC912120FB7B1AE96DACFC502D6202E028083E566191C743EF5D6D2D2628000E8296929692968A28A28AFFD9');

INSERT INTO REMARK (ID,POSTER_ID, CONVERSATION_ID, CONTENT, TIME_STAMP) VALUES (1,1,124,'This is the skill that never ends. ',STR_TO_DATE('10-SEP-0214:10:10','%d-%b-%y%T'));
INSERT INTO REMARK (ID,POSTER_ID, CONVERSATION_ID, CONTENT, TIME_STAMP) VALUES (2,1,124,'It goes on and on my friends. ',STR_TO_DATE('10-SEP-0214:33:10','%d-%b-%y%T'));
INSERT INTO REMARK (ID,POSTER_ID, CONVERSATION_ID, CONTENT, TIME_STAMP) VALUES (3,1,124,'some people started concatinating not knowing what it was ',STR_TO_DATE('10-SEP-0214:14:13','%d-%b-%y%T'));
INSERT INTO REMARK (ID,POSTER_ID, CONVERSATION_ID, CONTENT, TIME_STAMP) VALUES (4,1,124,'and they just kept concatinating forever just because',STR_TO_DATE('10-SEP-0214:10:12','%d-%b-%y%T'));

INSERT INTO REMARK (ID,POSTER_ID, CONVERSATION_ID, CONTENT, TIME_STAMP) VALUES (5,2,124,'In all seriousness ',STR_TO_DATE('10-SEP-0214:10:10','%d-%b-%y%T'));
INSERT INTO REMARK (ID,POSTER_ID, CONVERSATION_ID, CONTENT, TIME_STAMP) VALUES (6,2,124,'I think this is a powerful tool that is worth the trouble. ',STR_TO_DATE('10-SEP-0214:10:14','%d-%b-%y%T'));
INSERT INTO REMARK (ID,POSTER_ID, CONVERSATION_ID, CONTENT, TIME_STAMP) VALUES (7,2,124,'Now users can provide as much or as little information as they want. ',STR_TO_DATE('10-SEP-0214:16:10','%d-%b-%y%T'));
INSERT INTO REMARK (ID,POSTER_ID, CONVERSATION_ID, CONTENT, TIME_STAMP) VALUES (8,2,124,'Without harsh memory costs to the system... Enjoy!',STR_TO_DATE('10-SEP-0214:15:10','%d-%b-%y%T'));
insert into UUSER_ABS (ID, FULL_NAME, EMAIL) values (16, 'Casey Deshon', 'cdeshonf@mapy.cz');
insert into UUSER_ABS (ID, FULL_NAME, EMAIL) values (17, 'Ailis Mayworth', 'amayworthg@xing.com');
insert into UUSER_ABS (ID, FULL_NAME, EMAIL) values (18, 'Frederique Kingham', 'fkinghamh@hexun.com');
insert into UUSER_ABS (ID, FULL_NAME, EMAIL) values (19, 'Dora Creenan', 'dcreenani@list-manage.com');
insert into UUSER_ABS (ID, FULL_NAME, EMAIL) values (20, 'Frederigo Laurand', 'flaurandj@ibm.com');
insert into UUSER_ABS (ID, FULL_NAME, EMAIL) values (21, 'Giffie Crichley', 'gcrichleyk@vistaprint.com');
insert into UUSER_ABS (ID, FULL_NAME, EMAIL) values (22, 'Massimiliano Fontenot', 'mfontenotl@amazon.de');
insert into UUSER_ABS (ID, FULL_NAME, EMAIL) values (23, 'Scottie Kail', 'skailm@fastcompany.com');
insert into UUSER_ABS (ID, FULL_NAME, EMAIL) values (24, 'Brett Volk', 'bvolkn@comcast.net');
insert into UUSER_ABS (ID, FULL_NAME, EMAIL) values (25, 'Pembroke Ollcott', 'pollcotto@toplist.cz');
insert into UUSER_ABS (ID, FULL_NAME, EMAIL) values (26, 'Nathan Jobb', 'njobbp@altervista.org');
insert into UUSER_ABS (ID, FULL_NAME, EMAIL) values (27, 'Deane Adne', 'dadneq@nih.gov');
insert into UUSER_ABS (ID, FULL_NAME, EMAIL) values (28, 'Chantalle Tett', 'ctettr@weebly.com');
insert into UUSER_ABS (ID, FULL_NAME, EMAIL) values (29, 'Claudetta Waddell', 'cwaddells@wired.com');
insert into UUSER_ABS (ID, FULL_NAME, EMAIL) values (30, 'Wald June', 'wjunet@wix.com');
insert into UUSER_ABS (ID, FULL_NAME, EMAIL) values (31, 'Lyle MacRury', 'lmacruryu@mayoclinic.com');
insert into UUSER_ABS (ID, FULL_NAME, EMAIL) values (32, 'Marianna Dobrowolny', 'mdobrowolnyv@blogger.com');
insert into UUSER_ABS (ID, FULL_NAME, EMAIL) values (33, 'Skelly Giddings', 'sgiddingsw@fc2.com');
insert into UUSER_ABS (ID, FULL_NAME, EMAIL) values (34, 'Vergil Lendon', 'vlendonx@gizmodo.com');
insert into UUSER_ABS (ID, FULL_NAME, EMAIL) values (35, 'Cord Graeber', 'cgraebery@ed.gov');
insert into UUSER_ABS (ID, FULL_NAME, EMAIL) values (36, 'Judi Casson', 'jcassonz@wikispaces.com');
insert into UUSER_ABS (ID, FULL_NAME, EMAIL) values (37, 'Mathias Oates', 'moates10@google.ca');
insert into UUSER_ABS (ID, FULL_NAME, EMAIL) values (38, 'Kerri Masdin', 'kmasdin11@nasa.gov');
insert into UUSER_ABS (ID, FULL_NAME, EMAIL) values (39, 'Kristofor Kirsch', 'kkirsch12@is.gd');
insert into UUSER_ABS (ID, FULL_NAME, EMAIL) values (40, 'Sander O''Kinedy', 'sokinedy13@reuters.com');
insert into UUSER_ABS (ID, FULL_NAME, EMAIL) values (41, 'Catherine Cowlam', 'ccowlam14@harvard.edu');
insert into UUSER_ABS (ID, FULL_NAME, EMAIL) values (42, 'Elwin Arcase', 'earcase15@va.gov');
insert into UUSER_ABS (ID, FULL_NAME, EMAIL) values (43, 'Ram Colbourn', 'rcolbourn16@sfgate.com');
insert into UUSER_ABS (ID, FULL_NAME, EMAIL) values (44, 'Ibby Branney', 'ibranney17@patch.com');
insert into UUSER_ABS (ID, FULL_NAME, EMAIL) values (45, 'Tanitansy Ebbins', 'tebbins18@examiner.com');
insert into UUSER_ABS (ID, FULL_NAME, EMAIL) values (46, 'Kristel Hartshorn', 'khartshorn19@wikia.com');
insert into UUSER_ABS (ID, FULL_NAME, EMAIL) values (47, 'Elsey Wearn', 'ewearn1a@theatlantic.com');
insert into UUSER_ABS (ID, FULL_NAME, EMAIL) values (48, 'Lethia Perford', 'lperford1b@jigsy.com');
insert into UUSER_ABS (ID, FULL_NAME, EMAIL) values (49, 'Gerrard Tyson', 'gtyson1c@g.co');
insert into UUSER_ABS (ID, FULL_NAME, EMAIL) values (50, 'Edward Wiggins', 'ewiggins1d@simplemachines.org');
insert into UUSER_ABS (ID, FULL_NAME, EMAIL) values (51, 'Wainwright Connar', 'wconnar1e@google.com');
insert into UUSER_ABS (ID, FULL_NAME, EMAIL) values (52, 'Gilda Beal', 'gbeal1f@stumbleupon.com');
insert into UUSER_ABS (ID, FULL_NAME, EMAIL) values (53, 'Jackquelin Housbie', 'jhousbie1g@csmonitor.com');
insert into UUSER_ABS (ID, FULL_NAME, EMAIL) values (54, 'Aymer Claessens', 'aclaessens1h@zdnet.com');
insert into UUSER_ABS (ID, FULL_NAME, EMAIL) values (55, 'Micky Plom', 'mplom1i@wufoo.com');
insert into UUSER_ABS (ID, FULL_NAME, EMAIL) values (56, 'Carr Geldart', 'cgeldart1j@taobao.com');
insert into UUSER_ABS (ID, FULL_NAME, EMAIL) values (57, 'Tiebout Leathe', 'tleathe1k@blogtalkradio.com');
insert into UUSER_ABS (ID, FULL_NAME, EMAIL) values (58, 'Indira Brashaw', 'ibrashaw1l@tamu.edu');
insert into UUSER_ABS (ID, FULL_NAME, EMAIL) values (59, 'Dode Pley', 'dpley1m@dailymotion.com');
insert into UUSER_ABS (ID, FULL_NAME, EMAIL) values (60, 'Charlton Barbery', 'cbarbery1n@spotify.com');
insert into UUSER_ABS (ID, FULL_NAME, EMAIL) values (61, 'Thia Klesse', 'tklesse1o@nsw.gov.au');
insert into UUSER_ABS (ID, FULL_NAME, EMAIL) values (62, 'Marika Eccleston', 'meccleston1p@exblog.jp');
insert into UUSER_ABS (ID, FULL_NAME, EMAIL) values (63, 'Edlin Rushbury', 'erushbury1q@narod.ru');
insert into UUSER_ABS (ID, FULL_NAME, EMAIL) values (64, 'Dud Torrijos', 'dtorrijos1r@yahoo.co.jp');
insert into UUSER_ABS (ID, FULL_NAME, EMAIL) values (65, 'Tine Kleisle', 'tkleisle1s@yahoo.co.jp');
insert into UUSER_ABS (ID, FULL_NAME, EMAIL) values (66, 'Demetris Longland', 'dlongland1t@ebay.co.uk');
insert into UUSER_ABS (ID, FULL_NAME, EMAIL) values (67, 'Angeli Gilpin', 'agilpin1u@soundcloud.com');
insert into UUSER_ABS (ID, FULL_NAME, EMAIL) values (68, 'Tiphanie Horsell', 'thorsell1v@go.com');
insert into UUSER_ABS (ID, FULL_NAME, EMAIL) values (69, 'Brander Balling', 'bballing1w@walmart.com');
insert into UUSER_ABS (ID, FULL_NAME, EMAIL) values (70, 'Kayla Celloni', 'kcelloni1x@angelfire.com');
insert into UUSER_ABS (ID, FULL_NAME, EMAIL) values (71, 'Aldridge Littlekit', 'alittlekit1y@behance.net');
insert into UUSER_ABS (ID, FULL_NAME, EMAIL) values (72, 'Dick Gingles', 'dgingles1z@desdev.cn');
insert into UUSER_ABS (ID, FULL_NAME, EMAIL) values (73, 'Teriann Wilding', 'twilding20@desdev.cn');
insert into UUSER_ABS (ID, FULL_NAME, EMAIL) values (74, 'Stinky Yewman', 'syewman21@tinypic.com');
insert into UUSER_ABS (ID, FULL_NAME, EMAIL) values (75, 'Korella MacGiolla', 'kmacgiolla22@patch.com');
insert into UUSER_ABS (ID, FULL_NAME, EMAIL) values (76, 'Dorette Wardlow', 'dwardlow23@i2i.jp');
insert into UUSER_ABS (ID, FULL_NAME, EMAIL) values (77, 'Baron Guerreiro', 'bguerreiro24@123-reg.co.uk');
insert into UUSER_ABS (ID, FULL_NAME, EMAIL) values (78, 'Lacey Maysor', 'lmaysor25@shareasale.com');
insert into UUSER_ABS (ID, FULL_NAME, EMAIL) values (79, 'Gerrilee Strippel', 'gstrippel26@stumbleupon.com');
insert into UUSER_ABS (ID, FULL_NAME, EMAIL) values (80, 'Thomasina O''Mara', 'tomara27@amazon.de');
insert into UUSER_ABS (ID, FULL_NAME, EMAIL) values (81, 'Daryl Kears', 'dkears28@cloudflare.com');
insert into UUSER_ABS (ID, FULL_NAME, EMAIL) values (82, 'Osborn Housiaux', 'ohousiaux29@pagesperso-orange.fr');
insert into UUSER_ABS (ID, FULL_NAME, EMAIL) values (83, 'Lia Sutor', 'lsutor2a@go.com');
insert into UUSER_ABS (ID, FULL_NAME, EMAIL) values (84, 'Laurie Coule', 'lcoule2b@1und1.de');
insert into UUSER_ABS (ID, FULL_NAME, EMAIL) values (85, 'Jose Neve', 'jneve2c@blogspot.com');
insert into UUSER_ABS (ID, FULL_NAME, EMAIL) values (86, 'Pearce Samwayes', 'psamwayes2d@issuu.com');
insert into UUSER_ABS (ID, FULL_NAME, EMAIL) values (87, 'Sandy Scoffham', 'sscoffham2e@moonfruit.com');
insert into UUSER_ABS (ID, FULL_NAME, EMAIL) values (88, 'Letty Kremer', 'lkremer2f@soundcloud.com');
insert into UUSER_ABS (ID, FULL_NAME, EMAIL) values (89, 'Nealy Burgoine', 'nburgoine2g@admin.ch');
insert into UUSER_ABS (ID, FULL_NAME, EMAIL) values (90, 'Joannes Tully', 'jtully2h@cam.ac.uk');
insert into UUSER_ABS (ID, FULL_NAME, EMAIL) values (91, 'Karyl Maltman', 'kmaltman2i@yelp.com');
insert into UUSER_ABS (ID, FULL_NAME, EMAIL) values (92, 'Nicolis Rewbottom', 'nrewbottom2j@bloomberg.com');
insert into UUSER_ABS (ID, FULL_NAME, EMAIL) values (93, 'Gracia Gegay', 'ggegay2k@blogtalkradio.com');
insert into UUSER_ABS (ID, FULL_NAME, EMAIL) values (94, 'Esma O'' Borne', 'eo2l@so-net.ne.jp');
insert into UUSER_ABS (ID, FULL_NAME, EMAIL) values (95, 'Cary Linnard', 'clinnard2m@chron.com');
insert into UUSER_ABS (ID, FULL_NAME, EMAIL) values (96, 'Gerrie Conyers', 'gconyers2n@dedecms.com');
insert into UUSER_ABS (ID, FULL_NAME, EMAIL) values (97, 'Lindsay Lief', 'llief2o@quantcast.com');
insert into UUSER_ABS (ID, FULL_NAME, EMAIL) values (98, 'Chance Franceschelli', 'cfranceschelli2p@twitter.com');
insert into UUSER_ABS (ID, FULL_NAME, EMAIL) values (99, 'Felice Aykroyd', 'faykroyd2q@wix.com');
insert into UUSER_ABS (ID, FULL_NAME, EMAIL) values (100, 'Phil Pauer', 'ppauer2r@networkadvertising.org');
insert into UUSER_ABS (ID, FULL_NAME, EMAIL) values (101, 'Freddy Heister', 'fheister2s@dyndns.org');
insert into UUSER_ABS (ID, FULL_NAME, EMAIL) values (102, 'Fredericka Reddish', 'freddish2t@slashdot.org');
insert into UUSER_ABS (ID, FULL_NAME, EMAIL) values (103, 'Wally Lindstrom', 'wlindstrom2u@yahoo.com');
insert into UUSER_ABS (ID, FULL_NAME, EMAIL) values (104, 'Lexi Ogborne', 'logborne2v@ted.com');
insert into UUSER_ABS (ID, FULL_NAME, EMAIL) values (105, 'Samson Gashion', 'sgashion2w@shop-pro.jp');
insert into UUSER_ABS (ID, FULL_NAME, EMAIL) values (106, 'Alphard Isenor', 'aisenor2x@php.net');
insert into UUSER_ABS (ID, FULL_NAME, EMAIL) values (107, 'Stanly Clementucci', 'sclementucci2y@chron.com');
insert into UUSER_ABS (ID, FULL_NAME, EMAIL) values (108, 'Giulietta Pherps', 'gpherps2z@chron.com');
insert into UUSER_ABS (ID, FULL_NAME, EMAIL) values (109, 'Rooney Fairs', 'rfairs30@answers.com');
insert into UUSER_ABS (ID, FULL_NAME, EMAIL) values (110, 'Tabatha Currey', 'tcurrey31@msu.edu');
insert into UUSER_ABS (ID, FULL_NAME, EMAIL) values (111, 'Sidonia Stonier', 'sstonier32@blog.com');
insert into UUSER_ABS (ID, FULL_NAME, EMAIL) values (112, 'Jen Dikels', 'jdikels33@e-recht24.de');
insert into UUSER_ABS (ID, FULL_NAME, EMAIL) values (113, 'Olwen Sawney', 'osawney34@cnn.com');
insert into UUSER_ABS (ID, FULL_NAME, EMAIL) values (114, 'Tomasina Mathivat', 'tmathivat35@studiopress.com');
insert into UUSER_ABS (ID, FULL_NAME, EMAIL) values (115, 'Vanda Izard', 'vizard36@japanpost.jp');
insert into UUSER_ABS (ID, FULL_NAME, EMAIL) values (116, 'Andi Longhurst', 'alonghurst37@intel.com');
insert into UUSER_ABS (ID, FULL_NAME, EMAIL) values (117, 'Genevra Thombleson', 'gthombleson38@rakuten.co.jp');
insert into UUSER_ABS (ID, FULL_NAME, EMAIL) values (118, 'Ephrem Whanstall', 'ewhanstall39@icq.com');
insert into UUSER_ABS (ID, FULL_NAME, EMAIL) values (119, 'Gabie Thresher', 'gthresher3a@ucoz.ru');
insert into UUSER_ABS (ID, FULL_NAME, EMAIL) values (120, 'Fairleigh Petronis', 'fpetronis3b@jimdo.com');
insert into UUSER_ABS (ID, FULL_NAME, EMAIL) values (121, 'Zia Danslow', 'zdanslow3c@i2i.jp');
insert into UUSER_ABS (ID, FULL_NAME, EMAIL) values (122, 'Shane Dowty', 'sdowty3d@wix.com');
insert into UUSER_ABS (ID, FULL_NAME, EMAIL) values (123, 'Milka Tynan', 'mtynan3e@ask.com');
insert into UUSER_ABS (ID, FULL_NAME, EMAIL) values (124, 'Barrett Wraight', 'bwraight3f@hubpages.com');
insert into UUSER_ABS (ID, FULL_NAME, EMAIL) values (125, 'Isadora Greenland', 'igreenland3g@surveymonkey.com');
insert into UUSER_ABS (ID, FULL_NAME, EMAIL) values (126, 'Galen Greenstead', 'ggreenstead3h@adobe.com');
insert into UUSER_ABS (ID, FULL_NAME, EMAIL) values (127, 'Kimmi Learmonth', 'klearmonth3i@sciencedaily.com');
insert into UUSER_ABS (ID, FULL_NAME, EMAIL) values (128, 'Burke Housecraft', 'bhousecraft3j@amazon.co.jp');
insert into UUSER_ABS (ID, FULL_NAME, EMAIL) values (129, 'Chelsie Yeld', 'cyeld3k@dagondesign.com');
insert into UUSER_ABS (ID, FULL_NAME, EMAIL) values (130, 'Danette Kloska', 'dkloska3l@google.nl');
insert into UUSER_ABS (ID, FULL_NAME, EMAIL) values (131, 'Alistair Swadon', 'aswadon3m@usgs.gov');
insert into UUSER_ABS (ID, FULL_NAME, EMAIL) values (132, 'Viva Gores', 'vgores3n@paginegialle.it');
insert into UUSER_ABS (ID, FULL_NAME, EMAIL) values (133, 'Shepherd Ropcke', 'sropcke3o@vinaora.com');
insert into UUSER_ABS (ID, FULL_NAME, EMAIL) values (134, 'Helena Prandoni', 'hprandoni3p@squidoo.com');
insert into UUSER_ABS (ID, FULL_NAME, EMAIL) values (135, 'Joelie Surgenor', 'jsurgenor3q@merriam-webster.com');
insert into UUSER_ABS (ID, FULL_NAME, EMAIL) values (136, 'Ezequiel Monkleigh', 'emonkleigh3r@mail.ru');
insert into UUSER_ABS (ID, FULL_NAME, EMAIL) values (137, 'Sonja Prophet', 'sprophet3s@unc.edu');
insert into UUSER_ABS (ID, FULL_NAME, EMAIL) values (138, 'Wenonah Broseke', 'wbroseke3t@senate.gov');
insert into UUSER_ABS (ID, FULL_NAME, EMAIL) values (139, 'Adriaens Curteis', 'acurteis3u@dell.com');
insert into UUSER_ABS (ID, FULL_NAME, EMAIL) values (140, 'Cad Wallen', 'cwallen3v@nytimes.com');
insert into UUSER_ABS (ID, FULL_NAME, EMAIL) values (141, 'Merrilee Armfield', 'marmfield3w@google.es');
insert into UUSER_ABS (ID, FULL_NAME, EMAIL) values (142, 'Terencio Burgess', 'tburgess3x@mashable.com');
insert into UUSER_ABS (ID, FULL_NAME, EMAIL) values (143, 'Rochester Malkinson', 'rmalkinson3y@cnet.com');
insert into UUSER_ABS (ID, FULL_NAME, EMAIL) values (144, 'Fanechka Curness', 'fcurness3z@google.ca');
insert into UUSER_ABS (ID, FULL_NAME, EMAIL) values (145, 'Colene Dobrovsky', 'cdobrovsky40@nytimes.com');
insert into UUSER_ABS (ID, FULL_NAME, EMAIL) values (146, 'Miriam Gewer', 'mgewer41@blinklist.com');
insert into UUSER_ABS (ID, FULL_NAME, EMAIL) values (147, 'Sallie Disbrow', 'sdisbrow42@1688.com');
insert into UUSER_ABS (ID, FULL_NAME, EMAIL) values (148, 'Sharline Whiterod', 'swhiterod43@google.co.uk');
insert into UUSER_ABS (ID, FULL_NAME, EMAIL) values (149, 'Vergil Giraudeau', 'vgiraudeau44@constantcontact.com');
insert into UUSER_ABS (ID, FULL_NAME, EMAIL) values (150, 'Eleni Ketteridge', 'eketteridge45@amazon.co.uk');
insert into UUSER_ABS (ID, FULL_NAME, EMAIL) values (151, 'Clarabelle Godain', 'cgodain46@opera.com');
insert into UUSER_ABS (ID, FULL_NAME, EMAIL) values (152, 'Pietra Wimmers', 'pwimmers47@apple.com');
insert into UUSER_ABS (ID, FULL_NAME, EMAIL) values (153, 'Shae Woodwing', 'swoodwing48@opensource.org');
insert into UUSER_ABS (ID, FULL_NAME, EMAIL) values (154, 'Sandi Comins', 'scomins49@google.it');
insert into UUSER_ABS (ID, FULL_NAME, EMAIL) values (155, 'Stanislaw Moncey', 'smoncey4a@dailymotion.com');
insert into UUSER_ABS (ID, FULL_NAME, EMAIL) values (156, 'Daile Chesson', 'dchesson4b@columbia.edu');
insert into UUSER_ABS (ID, FULL_NAME, EMAIL) values (157, 'Donni Tesche', 'dtesche4c@naver.com');
insert into UUSER_ABS (ID, FULL_NAME, EMAIL) values (158, 'Dahlia Harkins', 'dharkins4d@npr.org');
insert into UUSER_ABS (ID, FULL_NAME, EMAIL) values (159, 'Obie Selwyn', 'oselwyn4e@dailymail.co.uk');
insert into UUSER_ABS (ID, FULL_NAME, EMAIL) values (160, 'Elfie Kivell', 'ekivell4f@bigcartel.com');
insert into UUSER_ABS (ID, FULL_NAME, EMAIL) values (161, 'Elmer Beharrell', 'ebeharrell4g@tumblr.com');
insert into UUSER_ABS (ID, FULL_NAME, EMAIL) values (162, 'Felipa Pletts', 'fpletts4h@ycombinator.com');
insert into UUSER_ABS (ID, FULL_NAME, EMAIL) values (163, 'Piggy Le Prevost', 'ple4i@163.com');
insert into UUSER_ABS (ID, FULL_NAME, EMAIL) values (164, 'Urson Glaze', 'uglaze4j@mapy.cz');
insert into UUSER_ABS (ID, FULL_NAME, EMAIL) values (165, 'Vida McBrearty', 'vmcbrearty4k@wp.com');
insert into UUSER_ABS (ID, FULL_NAME, EMAIL) values (166, 'Chalmers Glavis', 'cglavis4l@cloudflare.com');
insert into UUSER_ABS (ID, FULL_NAME, EMAIL) values (167, 'Pascal Reiach', 'preiach4m@fotki.com');
insert into UUSER_ABS (ID, FULL_NAME, EMAIL) values (168, 'Erhart McCullogh', 'emccullogh4n@gravatar.com');
insert into UUSER_ABS (ID, FULL_NAME, EMAIL) values (169, 'Zacharia Yarrow', 'zyarrow4o@barnesandnoble.com');
insert into UUSER_ABS (ID, FULL_NAME, EMAIL) values (170, 'Zorine Hyde-Chambers', 'zhydechambers4p@xing.com');
insert into UUSER_ABS (ID, FULL_NAME, EMAIL) values (171, 'Amye Pinck', 'apinck4q@tiny.cc');
insert into UUSER_ABS (ID, FULL_NAME, EMAIL) values (172, 'Ferdinand Cuppitt', 'fcuppitt4r@xing.com');
insert into UUSER_ABS (ID, FULL_NAME, EMAIL) values (173, 'Nanine Durn', 'ndurn4s@noaa.gov');
insert into UUSER_ABS (ID, FULL_NAME, EMAIL) values (174, 'Bernadina Egre', 'begre4t@indiegogo.com');
insert into UUSER_ABS (ID, FULL_NAME, EMAIL) values (175, 'Karlan Whyberd', 'kwhyberd4u@msn.com');
insert into UUSER_ABS (ID, FULL_NAME, EMAIL) values (176, 'Roddie Allatt', 'rallatt4v@chronoengine.com');
insert into UUSER_ABS (ID, FULL_NAME, EMAIL) values (177, 'Marlow Sedgemore', 'msedgemore4w@amazon.co.uk');
insert into UUSER_ABS (ID, FULL_NAME, EMAIL) values (178, 'Lila Boxall', 'lboxall4x@sun.com');
insert into UUSER_ABS (ID, FULL_NAME, EMAIL) values (179, 'Ferdy Besson', 'fbesson4y@barnesandnoble.com');
insert into UUSER_ABS (ID, FULL_NAME, EMAIL) values (180, 'Aurelia Patshull', 'apatshull4z@scribd.com');
insert into UUSER_ABS (ID, FULL_NAME, EMAIL) values (181, 'Jillian Fern', 'jfern50@imgur.com');
insert into UUSER_ABS (ID, FULL_NAME, EMAIL) values (182, 'Carmina Citrine', 'ccitrine51@wikimedia.org');
insert into UUSER_ABS (ID, FULL_NAME, EMAIL) values (183, 'Henrik Greswell', 'hgreswell52@angelfire.com');
insert into UUSER_ABS (ID, FULL_NAME, EMAIL) values (184, 'Hernando McAw', 'hmcaw53@skyrock.com');
insert into UUSER_ABS (ID, FULL_NAME, EMAIL) values (185, 'Loutitia Depport', 'ldepport54@patch.com');
insert into UUSER_ABS (ID, FULL_NAME, EMAIL) values (186, 'Giuseppe Lafoy', 'glafoy55@smh.com.au');
insert into UUSER_ABS (ID, FULL_NAME, EMAIL) values (187, 'Fons Rief', 'frief56@howstuffworks.com');
insert into UUSER_ABS (ID, FULL_NAME, EMAIL) values (188, 'Nev Todaro', 'ntodaro57@sphinn.com');
insert into UUSER_ABS (ID, FULL_NAME, EMAIL) values (189, 'Valentia Bachshell', 'vbachshell58@reference.com');
insert into UUSER_ABS (ID, FULL_NAME, EMAIL) values (190, 'Shay Bentsen', 'sbentsen59@networksolutions.com');
insert into UUSER_ABS (ID, FULL_NAME, EMAIL) values (191, 'Thayne Van der Mark', 'tvan5a@tmall.com');
insert into UUSER_ABS (ID, FULL_NAME, EMAIL) values (192, 'Mervin Treble', 'mtreble5b@cbsnews.com');
insert into UUSER_ABS (ID, FULL_NAME, EMAIL) values (193, 'Nanette Janes', 'njanes5c@yahoo.co.jp');
insert into UUSER_ABS (ID, FULL_NAME, EMAIL) values (194, 'Aileen Stirgess', 'astirgess5d@who.int');
insert into UUSER_ABS (ID, FULL_NAME, EMAIL) values (195, 'Ashlie Ellams', 'aellams5e@cpanel.net');
insert into UUSER_ABS (ID, FULL_NAME, EMAIL) values (196, 'Reyna Twining', 'rtwining5f@canalblog.com');
insert into UUSER_ABS (ID, FULL_NAME, EMAIL) values (197, 'Tori Kitcherside', 'tkitcherside5g@rakuten.co.jp');
insert into UUSER_ABS (ID, FULL_NAME, EMAIL) values (198, 'Paxon Welbeck', 'pwelbeck5h@bloomberg.com');
insert into UUSER_ABS (ID, FULL_NAME, EMAIL) values (199, 'Marlee Stook', 'mstook5i@sourceforge.net');
insert into UUSER_ABS (ID, FULL_NAME, EMAIL) values (200, 'Kellsie Sherebrooke', 'ksherebrooke5j@twitpic.com');
insert into UUSER_ABS (ID, FULL_NAME, EMAIL) values (201, 'Rolland Brumwell', 'rbrumwell5k@patch.com');
insert into UUSER_ABS (ID, FULL_NAME, EMAIL) values (202, 'Larisa Waller', 'lwaller5l@abc.net.au');
insert into UUSER_ABS (ID, FULL_NAME, EMAIL) values (203, 'Adah Haps', 'ahaps5m@go.com');
insert into UUSER_ABS (ID, FULL_NAME, EMAIL) values (204, 'Julianne Kilfether', 'jkilfether5n@yolasite.com');
insert into UUSER_ABS (ID, FULL_NAME, EMAIL) values (205, 'Blisse Gallally', 'bgallally5o@shinystat.com');
insert into UUSER_ABS (ID, FULL_NAME, EMAIL) values (206, 'Elwin Braunle', 'ebraunle5p@zimbio.com');
insert into UUSER_ABS (ID, FULL_NAME, EMAIL) values (207, 'Ludwig Skitral', 'lskitral5q@netscape.com');
insert into UUSER_ABS (ID, FULL_NAME, EMAIL) values (208, 'Meaghan Pluthero', 'mpluthero5r@blogspot.com');
insert into UUSER_ABS (ID, FULL_NAME, EMAIL) values (209, 'Eddie Allenby', 'eallenby5s@time.com');
insert into UUSER_ABS (ID, FULL_NAME, EMAIL) values (210, 'Corine Done', 'cdone5t@dell.com');
insert into UUSER_ABS (ID, FULL_NAME, EMAIL) values (211, 'Dottie MacPhaden', 'dmacphaden5u@earthlink.net');
insert into UUSER_ABS (ID, FULL_NAME, EMAIL) values (212, 'Julian Hellcat', 'jhellcat5v@wisc.edu');
insert into UUSER_ABS (ID, FULL_NAME, EMAIL) values (213, 'Aylmar Absolem', 'aabsolem5w@i2i.jp');
insert into UUSER_ABS (ID, FULL_NAME, EMAIL) values (214, 'Margot Scorthorne', 'mscorthorne5x@elegantthemes.com');
insert into UUSER_ABS (ID, FULL_NAME, EMAIL) values (215, 'Fleming Booth-Jarvis', 'fboothjarvis5y@zimbio.com');
insert into UUSER_ABS (ID, FULL_NAME, EMAIL) values (216, 'Thornton Dee', 'tdee5z@mapy.cz');
insert into UUSER_ABS (ID, FULL_NAME, EMAIL) values (217, 'Sheelah Uphill', 'suphill60@netvibes.com');
insert into UUSER_ABS (ID, FULL_NAME, EMAIL) values (218, 'Killian Shewring', 'kshewring61@51.la');
insert into UUSER_ABS (ID, FULL_NAME, EMAIL) values (219, 'Amber Bridell', 'abridell62@google.com.hk');
insert into UUSER_ABS (ID, FULL_NAME, EMAIL) values (220, 'Bree Buesden', 'bbuesden63@usa.gov');
insert into UUSER_ABS (ID, FULL_NAME, EMAIL) values (221, 'Cammi Greswell', 'cgreswell64@umich.edu');
insert into UUSER_ABS (ID, FULL_NAME, EMAIL) values (222, 'Kip Grouvel', 'kgrouvel65@fda.gov');
insert into UUSER_ABS (ID, FULL_NAME, EMAIL) values (223, 'Elita Simoens', 'esimoens66@home.pl');
insert into UUSER_ABS (ID, FULL_NAME, EMAIL) values (224, 'Arly Willes', 'awilles67@friendfeed.com');
insert into UUSER_ABS (ID, FULL_NAME, EMAIL) values (225, 'Philippe Louiset', 'plouiset68@dot.gov');
insert into UUSER_ABS (ID, FULL_NAME, EMAIL) values (226, 'Bradan Arton', 'barton69@ifeng.com');
insert into UUSER_ABS (ID, FULL_NAME, EMAIL) values (227, 'Tamiko Utterson', 'tutterson6a@fema.gov');
insert into UUSER_ABS (ID, FULL_NAME, EMAIL) values (228, 'Clayson World', 'cworld6b@mashable.com');
insert into UUSER_ABS (ID, FULL_NAME, EMAIL) values (229, 'Arlyne Peachey', 'apeachey6c@nbcnews.com');
insert into UUSER_ABS (ID, FULL_NAME, EMAIL) values (230, 'Mahala Joscelyn', 'mjoscelyn6d@google.es');
insert into UUSER_ABS (ID, FULL_NAME, EMAIL) values (231, 'Alasdair Perrelli', 'aperrelli6e@myspace.com');
insert into UUSER_ABS (ID, FULL_NAME, EMAIL) values (232, 'Gilligan Spadazzi', 'gspadazzi6f@reference.com');
insert into UUSER_ABS (ID, FULL_NAME, EMAIL) values (233, 'Maxie Jesty', 'mjesty6g@networksolutions.com');
insert into UUSER_ABS (ID, FULL_NAME, EMAIL) values (234, 'Claudian Stapele', 'cstapele6h@illinois.edu');
insert into UUSER_ABS (ID, FULL_NAME, EMAIL) values (235, 'Alanson Vance', 'avance6i@tinypic.com');
insert into UUSER_ABS (ID, FULL_NAME, EMAIL) values (236, 'Merrie Tyght', 'mtyght6j@nih.gov');
insert into UUSER_ABS (ID, FULL_NAME, EMAIL) values (237, 'Gayleen Northway', 'gnorthway6k@cdbaby.com');
insert into UUSER_ABS (ID, FULL_NAME, EMAIL) values (238, 'Georas Dunniom', 'gdunniom6l@symantec.com');
insert into UUSER_ABS (ID, FULL_NAME, EMAIL) values (239, 'Austin Kain', 'akain6m@indiatimes.com');
insert into UUSER_ABS (ID, FULL_NAME, EMAIL) values (240, 'Jamal Valintine', 'jvalintine6n@mashable.com');
insert into UUSER_ABS (ID, FULL_NAME, EMAIL) values (241, 'Loren Cunnane', 'lcunnane6o@shop-pro.jp');
insert into UUSER_ABS (ID, FULL_NAME, EMAIL) values (242, 'Zorah Bonallack', 'zbonallack6p@addthis.com');
insert into UUSER_ABS (ID, FULL_NAME, EMAIL) values (243, 'Chancey Nears', 'cnears6q@google.fr');
insert into UUSER_ABS (ID, FULL_NAME, EMAIL) values (244, 'Uriel Philpault', 'uphilpault6r@about.com');
insert into UUSER_ABS (ID, FULL_NAME, EMAIL) values (245, 'Shirlee Guerreau', 'sguerreau6s@over-blog.com');
insert into UUSER_ABS (ID, FULL_NAME, EMAIL) values (246, 'Cari Seakin', 'cseakin6t@stumbleupon.com');
insert into UUSER_ABS (ID, FULL_NAME, EMAIL) values (247, 'Agneta Noyes', 'anoyes6u@skyrock.com');
insert into UUSER_ABS (ID, FULL_NAME, EMAIL) values (248, 'Jareb Meader', 'jmeader6v@gov.uk');
insert into UUSER_ABS (ID, FULL_NAME, EMAIL) values (249, 'Kienan Dymoke', 'kdymoke6w@phpbb.com');
insert into UUSER_ABS (ID, FULL_NAME, EMAIL) values (250, 'Everard Powles', 'epowles6x@jigsy.com');
insert into UUSER_ABS (ID, FULL_NAME, EMAIL) values (251, 'Renae Pigram', 'rpigram6y@github.io');
insert into UUSER_ABS (ID, FULL_NAME, EMAIL) values (252, 'Gretal Ambrosini', 'gambrosini6z@cloudflare.com');
insert into UUSER_ABS (ID, FULL_NAME, EMAIL) values (253, 'Bernardine Lopez', 'blopez70@smh.com.au');
insert into UUSER_ABS (ID, FULL_NAME, EMAIL) values (254, 'Katrinka Coathup', 'kcoathup71@census.gov');
insert into UUSER_ABS (ID, FULL_NAME, EMAIL) values (255, 'Eartha McCosker', 'emccosker72@php.net');
insert into UUSER_ABS (ID, FULL_NAME, EMAIL) values (256, 'Zaccaria Kosiada', 'zkosiada73@webs.com');
insert into UUSER_ABS (ID, FULL_NAME, EMAIL) values (257, 'Esmeralda McMeanma', 'emcmeanma74@unc.edu');
insert into UUSER_ABS (ID, FULL_NAME, EMAIL) values (258, 'Willie Olivas', 'wolivas75@clickbank.net');
insert into UUSER_ABS (ID, FULL_NAME, EMAIL) values (259, 'Kory Gasquoine', 'kgasquoine76@ebay.co.uk');
insert into UUSER_ABS (ID, FULL_NAME, EMAIL) values (260, 'Terri-jo Bentsen', 'tbentsen77@amazon.com');
insert into UUSER_ABS (ID, FULL_NAME, EMAIL) values (261, 'Donella Bartholomieu', 'dbartholomieu78@samsung.com');
insert into UUSER_ABS (ID, FULL_NAME, EMAIL) values (262, 'Vittoria Buxcey', 'vbuxcey79@guardian.co.uk');
insert into UUSER_ABS (ID, FULL_NAME, EMAIL) values (263, 'Nick Rocca', 'nrocca7a@ox.ac.uk');
insert into UUSER_ABS (ID, FULL_NAME, EMAIL) values (264, 'Carola Ormonde', 'cormonde7b@google.ru');
insert into UUSER_ABS (ID, FULL_NAME, EMAIL) values (265, 'Cleve Victoria', 'cvictoria7c@mediafire.com');
insert into UUSER_ABS (ID, FULL_NAME, EMAIL) values (266, 'Berrie McCallum', 'bmccallum7d@cornell.edu');
insert into UUSER_ABS (ID, FULL_NAME, EMAIL) values (267, 'Felice Smillie', 'fsmillie7e@de.vu');
insert into UUSER_ABS (ID, FULL_NAME, EMAIL) values (268, 'Jeane Tack', 'jtack7f@4shared.com');
insert into UUSER_ABS (ID, FULL_NAME, EMAIL) values (269, 'Bil Joslyn', 'bjoslyn7g@bluehost.com');
insert into UUSER_ABS (ID, FULL_NAME, EMAIL) values (270, 'Winnifred Langrish', 'wlangrish7h@census.gov');
insert into UUSER_ABS (ID, FULL_NAME, EMAIL) values (271, 'Stella Roullier', 'sroullier7i@google.co.uk');
insert into UUSER_ABS (ID, FULL_NAME, EMAIL) values (272, 'Sybil Anthes', 'santhes7j@prnewswire.com');
insert into UUSER_ABS (ID, FULL_NAME, EMAIL) values (273, 'Chris Blacket', 'cblacket7k@cocolog-nifty.com');
insert into UUSER_ABS (ID, FULL_NAME, EMAIL) values (274, 'Sonni Lintott', 'slintott7l@microsoft.com');
insert into UUSER_ABS (ID, FULL_NAME, EMAIL) values (275, 'Nicolea Hardey', 'nhardey7m@deviantart.com');
insert into UUSER_ABS (ID, FULL_NAME, EMAIL) values (276, 'Ethelyn McCerery', 'emccerery7n@symantec.com');
insert into UUSER_ABS (ID, FULL_NAME, EMAIL) values (277, 'Carlee Athy', 'cathy7o@webmd.com');
insert into UUSER_ABS (ID, FULL_NAME, EMAIL) values (278, 'Sterne Gilding', 'sgilding7p@google.fr');
insert into UUSER_ABS (ID, FULL_NAME, EMAIL) values (279, 'Shelli Clineck', 'sclineck7q@printfriendly.com');
insert into UUSER_ABS (ID, FULL_NAME, EMAIL) values (280, 'Jemima Fargher', 'jfargher7r@miibeian.gov.cn');
insert into UUSER_ABS (ID, FULL_NAME, EMAIL) values (281, 'Manda Westmerland', 'mwestmerland7s@statcounter.com');
insert into UUSER_ABS (ID, FULL_NAME, EMAIL) values (282, 'Teodoro Meas', 'tmeas7t@unicef.org');
insert into UUSER_ABS (ID, FULL_NAME, EMAIL) values (283, 'Adena Jowsey', 'ajowsey7u@wufoo.com');
insert into UUSER_ABS (ID, FULL_NAME, EMAIL) values (284, 'Bethina Howgill', 'bhowgill7v@utexas.edu');
insert into UUSER_ABS (ID, FULL_NAME, EMAIL) values (285, 'Corrine Horrell', 'chorrell7w@51.la');
insert into UUSER_ABS (ID, FULL_NAME, EMAIL) values (286, 'Clotilda Lorie', 'clorie7x@rakuten.co.jp');
insert into UUSER_ABS (ID, FULL_NAME, EMAIL) values (287, 'Anthia Baverstock', 'abaverstock7y@theguardian.com');
insert into UUSER_ABS (ID, FULL_NAME, EMAIL) values (288, 'Neil Goldthorpe', 'ngoldthorpe7z@joomla.org');
insert into UUSER_ABS (ID, FULL_NAME, EMAIL) values (289, 'Simone Freezor', 'sfreezor80@globo.com');
insert into UUSER_ABS (ID, FULL_NAME, EMAIL) values (290, 'Marya Adami', 'madami81@xing.com');
insert into UUSER_ABS (ID, FULL_NAME, EMAIL) values (291, 'Austine Wanka', 'awanka82@fc2.com');
insert into UUSER_ABS (ID, FULL_NAME, EMAIL) values (292, 'Ofilia Ramberg', 'oramberg83@blogspot.com');
insert into UUSER_ABS (ID, FULL_NAME, EMAIL) values (293, 'Fancy Woodroff', 'fwoodroff84@tiny.cc');
insert into UUSER_ABS (ID, FULL_NAME, EMAIL) values (294, 'Ivy Ogelbe', 'iogelbe85@mapquest.com');
insert into UUSER_ABS (ID, FULL_NAME, EMAIL) values (295, 'Amelia Fidele', 'afidele86@deviantart.com');
insert into UUSER_ABS (ID, FULL_NAME, EMAIL) values (296, 'Hartley Huot', 'hhuot87@behance.net');
insert into UUSER_ABS (ID, FULL_NAME, EMAIL) values (297, 'Siobhan Brayshay', 'sbrayshay88@marketwatch.com');
insert into UUSER_ABS (ID, FULL_NAME, EMAIL) values (298, 'Arnold Garahan', 'agarahan89@smh.com.au');
insert into UUSER_ABS (ID, FULL_NAME, EMAIL) values (299, 'Elisabet Plastow', 'eplastow8a@thetimes.co.uk');
insert into UUSER_ABS (ID, FULL_NAME, EMAIL) values (300, 'Jessy Leipnik', 'jleipnik8b@amazon.de');
insert into UUSER_ABS (ID, FULL_NAME, EMAIL) values (301, 'Sharron Hazlewood', 'shazlewood8c@blogger.com');
insert into UUSER_ABS (ID, FULL_NAME, EMAIL) values (302, 'Martha Jobling', 'mjobling8d@archive.org');
insert into UUSER_ABS (ID, FULL_NAME, EMAIL) values (303, 'Barbi Chick', 'bchick8e@answers.com');
insert into UUSER_ABS (ID, FULL_NAME, EMAIL) values (304, 'Fergus Rollitt', 'frollitt8f@purevolume.com');
insert into UUSER_ABS (ID, FULL_NAME, EMAIL) values (305, 'Hurley Leeburn', 'hleeburn8g@upenn.edu');
insert into UUSER_ABS (ID, FULL_NAME, EMAIL) values (306, 'Norton Wagner', 'nwagner8h@bloglines.com');
insert into UUSER_ABS (ID, FULL_NAME, EMAIL) values (307, 'Donn Rosiello', 'drosiello8i@businessinsider.com');
insert into UUSER_ABS (ID, FULL_NAME, EMAIL) values (308, 'Odie Horburgh', 'ohorburgh8j@bloomberg.com');
insert into UUSER_ABS (ID, FULL_NAME, EMAIL) values (309, 'Haroun McRannell', 'hmcrannell8k@thetimes.co.uk');
insert into UUSER_ABS (ID, FULL_NAME, EMAIL) values (310, 'Ardyth Pembridge', 'apembridge8l@wikipedia.org');
insert into UUSER_ABS (ID, FULL_NAME, EMAIL) values (311, 'Carolann Foskett', 'cfoskett8m@youtu.be');
insert into UUSER_ABS (ID, FULL_NAME, EMAIL) values (312, 'Lib Major', 'lmajor8n@yellowbook.com');
insert into UUSER_ABS (ID, FULL_NAME, EMAIL) values (313, 'Corilla Trappe', 'ctrappe8o@mapy.cz');
insert into UUSER_ABS (ID, FULL_NAME, EMAIL) values (314, 'Rubin McCroft', 'rmccroft8p@ameblo.jp');
insert into UUSER_ABS (ID, FULL_NAME, EMAIL) values (315, 'Merrel Dafter', 'mdafter8q@gmpg.org');
insert into UUSER_ABS (ID, FULL_NAME, EMAIL) values (316, 'Linnell Ruddiforth', 'lruddiforth8r@samsung.com');
insert into UUSER_ABS (ID, FULL_NAME, EMAIL) values (317, 'Estel Asee', 'easee8s@about.me');
insert into UUSER_ABS (ID, FULL_NAME, EMAIL) values (318, 'Simone Davidou', 'sdavidou8t@intel.com');
insert into UUSER_ABS (ID, FULL_NAME, EMAIL) values (319, 'Jeromy Brunsen', 'jbrunsen8u@bloomberg.com');
insert into UUSER_ABS (ID, FULL_NAME, EMAIL) values (320, 'Denise Rizzone', 'drizzone8v@google.co.jp');
insert into UUSER_ABS (ID, FULL_NAME, EMAIL) values (321, 'Dian McCamish', 'dmccamish8w@princeton.edu');
insert into UUSER_ABS (ID, FULL_NAME, EMAIL) values (322, 'Thane Stitt', 'tstitt8x@wiley.com');
insert into UUSER_ABS (ID, FULL_NAME, EMAIL) values (323, 'Geno Breheny', 'gbreheny8y@cnbc.com');
insert into UUSER_ABS (ID, FULL_NAME, EMAIL) values (324, 'Flora Muldownie', 'fmuldownie8z@aol.com');
insert into UUSER_ABS (ID, FULL_NAME, EMAIL) values (325, 'Wilden Fomichkin', 'wfomichkin90@about.com');
insert into UUSER_ABS (ID, FULL_NAME, EMAIL) values (326, 'Jere Waight', 'jwaight91@businessweek.com');
insert into UUSER_ABS (ID, FULL_NAME, EMAIL) values (327, 'Stanford Mougeot', 'smougeot92@qq.com');
insert into UUSER_ABS (ID, FULL_NAME, EMAIL) values (328, 'Brantley Barthelme', 'bbarthelme93@yahoo.com');
insert into UUSER_ABS (ID, FULL_NAME, EMAIL) values (329, 'Alameda Leatherland', 'aleatherland94@salon.com');
insert into UUSER_ABS (ID, FULL_NAME, EMAIL) values (330, 'Maurita Sandhill', 'msandhill95@pbs.org');
insert into UUSER_ABS (ID, FULL_NAME, EMAIL) values (331, 'Maxie Quaintance', 'mquaintance96@sitemeter.com');
insert into UUSER_ABS (ID, FULL_NAME, EMAIL) values (332, 'Camellia Sickling', 'csickling97@epa.gov');
insert into UUSER_ABS (ID, FULL_NAME, EMAIL) values (333, 'Thain Fairfull', 'tfairfull98@tamu.edu');
insert into UUSER_ABS (ID, FULL_NAME, EMAIL) values (334, 'Hana Cantu', 'hcantu99@epa.gov');
insert into UUSER_ABS (ID, FULL_NAME, EMAIL) values (335, 'Filberto Novill', 'fnovill9a@sbwire.com');
insert into UUSER_ABS (ID, FULL_NAME, EMAIL) values (336, 'Doug Boraston', 'dboraston9b@usda.gov');
insert into UUSER_ABS (ID, FULL_NAME, EMAIL) values (337, 'Tessy Eveleigh', 'teveleigh9c@imgur.com');
insert into UUSER_ABS (ID, FULL_NAME, EMAIL) values (338, 'Aloysia Hardy', 'ahardy9d@free.fr');
insert into UUSER_ABS (ID, FULL_NAME, EMAIL) values (339, 'Prinz Pea', 'ppea9e@ameblo.jp');
insert into UUSER_ABS (ID, FULL_NAME, EMAIL) values (340, 'Teressa Vink', 'tvink9f@usa.gov');
insert into UUSER_ABS (ID, FULL_NAME, EMAIL) values (341, 'Thornie Garth', 'tgarth9g@wordpress.org');
insert into UUSER_ABS (ID, FULL_NAME, EMAIL) values (342, 'Eilis Yakolev', 'eyakolev9h@devhub.com');
insert into UUSER_ABS (ID, FULL_NAME, EMAIL) values (343, 'Thorvald Voller', 'tvoller9i@newsvine.com');
insert into UUSER_ABS (ID, FULL_NAME, EMAIL) values (344, 'Kathlin Visick', 'kvisick9j@vk.com');
insert into UUSER_ABS (ID, FULL_NAME, EMAIL) values (345, 'Tommie Nussii', 'tnussii9k@miibeian.gov.cn');
insert into UUSER_ABS (ID, FULL_NAME, EMAIL) values (346, 'Enriqueta Laidlow', 'elaidlow9l@google.nl');
insert into UUSER_ABS (ID, FULL_NAME, EMAIL) values (347, 'Carlota Rantoull', 'crantoull9m@aboutads.info');
insert into UUSER_ABS (ID, FULL_NAME, EMAIL) values (348, 'Hadlee Mewha', 'hmewha9n@spiegel.de');
insert into UUSER_ABS (ID, FULL_NAME, EMAIL) values (349, 'Paulie Greally', 'pgreally9o@histats.com');
insert into UUSER_ABS (ID, FULL_NAME, EMAIL) values (350, 'Kissee Pharoah', 'kpharoah9p@google.co.uk');
insert into UUSER_ABS (ID, FULL_NAME, EMAIL) values (351, 'Jonathan Jedrzejewsky', 'jjedrzejewsky9q@multiply.com');
insert into UUSER_ABS (ID, FULL_NAME, EMAIL) values (352, 'Micah Kelledy', 'mkelledy9r@stumbleupon.com');
insert into UUSER_ABS (ID, FULL_NAME, EMAIL) values (353, 'Lizzy Brawson', 'lbrawson9s@newsvine.com');
insert into UUSER_ABS (ID, FULL_NAME, EMAIL) values (354, 'Alidia Stonard', 'astonard9t@intel.com');
insert into UUSER_ABS (ID, FULL_NAME, EMAIL) values (355, 'Emlynn Hursthouse', 'ehursthouse9u@cbsnews.com');
insert into UUSER_ABS (ID, FULL_NAME, EMAIL) values (356, 'Gilberta Shields', 'gshields9v@gov.uk');
insert into UUSER_ABS (ID, FULL_NAME, EMAIL) values (357, 'Nadean MacKey', 'nmackey9w@homestead.com');
insert into UUSER_ABS (ID, FULL_NAME, EMAIL) values (358, 'Shelby Ealam', 'sealam9x@hibu.com');
insert into UUSER_ABS (ID, FULL_NAME, EMAIL) values (359, 'Allison Hyams', 'ahyams9y@angelfire.com');
insert into UUSER_ABS (ID, FULL_NAME, EMAIL) values (360, 'Aldon Haizelden', 'ahaizelden9z@trellian.com');
insert into UUSER_ABS (ID, FULL_NAME, EMAIL) values (361, 'Brooks Ingolotti', 'bingolottia0@histats.com');
insert into UUSER_ABS (ID, FULL_NAME, EMAIL) values (362, 'Brandais Baigrie', 'bbaigriea1@soup.io');
insert into UUSER_ABS (ID, FULL_NAME, EMAIL) values (363, 'Brew Killough', 'bkillougha2@qq.com');
insert into UUSER_ABS (ID, FULL_NAME, EMAIL) values (364, 'Mordy Mattson', 'mmattsona3@ask.com');
insert into UUSER_ABS (ID, FULL_NAME, EMAIL) values (365, 'Gino Lamey', 'glameya4@bluehost.com');
insert into UUSER_ABS (ID, FULL_NAME, EMAIL) values (366, 'Hershel Falshaw', 'hfalshawa5@domainmarket.com');
insert into UUSER_ABS (ID, FULL_NAME, EMAIL) values (367, 'Kellie Bastiman', 'kbastimana6@netvibes.com');
insert into UUSER_ABS (ID, FULL_NAME, EMAIL) values (368, 'Leah Templar', 'ltemplara7@baidu.com');
insert into UUSER_ABS (ID, FULL_NAME, EMAIL) values (369, 'Zahara Eton', 'zetona8@list-manage.com');
insert into UUSER_ABS (ID, FULL_NAME, EMAIL) values (370, 'Glenn Dionisio', 'gdionisioa9@adobe.com');
insert into UUSER_ABS (ID, FULL_NAME, EMAIL) values (371, 'Brody Leathem', 'bleathemaa@hubpages.com');
insert into UUSER_ABS (ID, FULL_NAME, EMAIL) values (372, 'Shane Delagua', 'sdelaguaab@php.net');
insert into UUSER_ABS (ID, FULL_NAME, EMAIL) values (373, 'Clayton Goodanew', 'cgoodanewac@sogou.com');
insert into UUSER_ABS (ID, FULL_NAME, EMAIL) values (374, 'Charline Josselson', 'cjosselsonad@ihg.com');
insert into UUSER_ABS (ID, FULL_NAME, EMAIL) values (375, 'Dominick Streight', 'dstreightae@netlog.com');
insert into UUSER_ABS (ID, FULL_NAME, EMAIL) values (376, 'Marybelle Geharke', 'mgeharkeaf@go.com');
insert into UUSER_ABS (ID, FULL_NAME, EMAIL) values (377, 'Nita Pinnick', 'npinnickag@phoca.cz');
insert into UUSER_ABS (ID, FULL_NAME, EMAIL) values (378, 'Kassey Whittet', 'kwhittetah@geocities.com');
insert into UUSER_ABS (ID, FULL_NAME, EMAIL) values (379, 'Even Roglieri', 'eroglieriai@arstechnica.com');
insert into UUSER_ABS (ID, FULL_NAME, EMAIL) values (380, 'Erskine Eccles', 'eecclesaj@miibeian.gov.cn');
insert into UUSER_ABS (ID, FULL_NAME, EMAIL) values (381, 'Dinnie Pegler', 'dpeglerak@harvard.edu');
insert into UUSER_ABS (ID, FULL_NAME, EMAIL) values (382, 'Hercules Donkersley', 'hdonkersleyal@odnoklassniki.ru');
insert into UUSER_ABS (ID, FULL_NAME, EMAIL) values (383, 'Abbey Jollye', 'ajollyeam@sogou.com');
insert into UUSER_ABS (ID, FULL_NAME, EMAIL) values (384, 'Gwenora Worwood', 'gworwoodan@biglobe.ne.jp');
insert into UUSER_ABS (ID, FULL_NAME, EMAIL) values (385, 'Hamel Scoullar', 'hscoullarao@mashable.com');
insert into UUSER_ABS (ID, FULL_NAME, EMAIL) values (386, 'Josias Slamaker', 'jslamakerap@va.gov');
insert into UUSER_ABS (ID, FULL_NAME, EMAIL) values (387, 'Dwain Barroux', 'dbarrouxaq@mail.ru');
insert into UUSER_ABS (ID, FULL_NAME, EMAIL) values (388, 'Lancelot Krienke', 'lkrienkear@va.gov');
insert into UUSER_ABS (ID, FULL_NAME, EMAIL) values (389, 'Yance Trimmell', 'ytrimmellas@smh.com.au');
insert into UUSER_ABS (ID, FULL_NAME, EMAIL) values (390, 'Glyn Menzies', 'gmenziesat@paginegialle.it');
insert into UUSER_ABS (ID, FULL_NAME, EMAIL) values (391, 'Cash Manolov', 'cmanolovau@slate.com');
insert into UUSER_ABS (ID, FULL_NAME, EMAIL) values (392, 'Anthe Cozzi', 'acozziav@sun.com');
insert into UUSER_ABS (ID, FULL_NAME, EMAIL) values (393, 'Pris Timby', 'ptimbyaw@miibeian.gov.cn');
insert into UUSER_ABS (ID, FULL_NAME, EMAIL) values (394, 'Mohammed McNulty', 'mmcnultyax@histats.com');
insert into UUSER_ABS (ID, FULL_NAME, EMAIL) values (395, 'Clemmie Hullot', 'chullotay@tripadvisor.com');
insert into UUSER_ABS (ID, FULL_NAME, EMAIL) values (396, 'Shanda Ludman', 'sludmanaz@narod.ru');
insert into UUSER_ABS (ID, FULL_NAME, EMAIL) values (397, 'Liz Stoffler', 'lstofflerb0@youku.com');
insert into UUSER_ABS (ID, FULL_NAME, EMAIL) values (398, 'Shara Senchenko', 'ssenchenkob1@vimeo.com');
insert into UUSER_ABS (ID, FULL_NAME, EMAIL) values (399, 'Silvano Purse', 'spurseb2@edublogs.org');
insert into UUSER_ABS (ID, FULL_NAME, EMAIL) values (400, 'Emilee Raw', 'erawb3@friendfeed.com');
insert into UUSER_ABS (ID, FULL_NAME, EMAIL) values (401, 'Kipp Count', 'kcountb4@unicef.org');
insert into UUSER_ABS (ID, FULL_NAME, EMAIL) values (402, 'Harley Gorden', 'hgordenb5@networkadvertising.org');
insert into UUSER_ABS (ID, FULL_NAME, EMAIL) values (403, 'Arny Sillars', 'asillarsb6@gizmodo.com');
insert into UUSER_ABS (ID, FULL_NAME, EMAIL) values (404, 'Felisha Barbery', 'fbarberyb7@desdev.cn');
insert into UUSER_ABS (ID, FULL_NAME, EMAIL) values (405, 'Bertie Oret', 'boretb8@deliciousdays.com');
insert into UUSER_ABS (ID, FULL_NAME, EMAIL) values (406, 'Gaile Dupree', 'gdupreeb9@walmart.com');
insert into UUSER_ABS (ID, FULL_NAME, EMAIL) values (407, 'Aharon Fearon', 'afearonba@dell.com');
insert into UUSER_ABS (ID, FULL_NAME, EMAIL) values (408, 'Aldridge Tedder', 'atedderbb@intel.com');
insert into UUSER_ABS (ID, FULL_NAME, EMAIL) values (409, 'Susannah Jakovijevic', 'sjakovijevicbc@toplist.cz');
insert into UUSER_ABS (ID, FULL_NAME, EMAIL) values (410, 'Rachael Crosskill', 'rcrosskillbd@bbc.co.uk');
insert into UUSER_ABS (ID, FULL_NAME, EMAIL) values (411, 'Herold Lavender', 'hlavenderbe@unc.edu');
insert into UUSER_ABS (ID, FULL_NAME, EMAIL) values (412, 'Salomone Jannequin', 'sjannequinbf@vinaora.com');
insert into UUSER_ABS (ID, FULL_NAME, EMAIL) values (413, 'Luise Archbutt', 'larchbuttbg@irs.gov');
insert into UUSER_ABS (ID, FULL_NAME, EMAIL) values (414, 'Rosana Gilman', 'rgilmanbh@shop-pro.jp');
insert into UUSER_ABS (ID, FULL_NAME, EMAIL) values (415, 'Bobette Boddice', 'bboddicebi@angelfire.com');
insert into UUSER_ABS (ID, FULL_NAME, EMAIL) values (416, 'Reginald Hughesdon', 'rhughesdonbj@slideshare.net');
insert into UUSER_ABS (ID, FULL_NAME, EMAIL) values (417, 'Alwin Meffan', 'ameffanbk@xrea.com');
insert into UUSER_ABS (ID, FULL_NAME, EMAIL) values (418, 'Alan Gynn', 'agynnbl@hao123.com');
insert into UUSER_ABS (ID, FULL_NAME, EMAIL) values (419, 'Teriann Antonomoli', 'tantonomolibm@netscape.com');
insert into UUSER_ABS (ID, FULL_NAME, EMAIL) values (420, 'Verile Trevance', 'vtrevancebn@skype.com');
insert into UUSER_ABS (ID, FULL_NAME, EMAIL) values (421, 'Nert Swannell', 'nswannellbo@canalblog.com');
insert into UUSER_ABS (ID, FULL_NAME, EMAIL) values (422, 'Odelle Landre', 'olandrebp@rambler.ru');
insert into UUSER_ABS (ID, FULL_NAME, EMAIL) values (423, 'Nigel Domino', 'ndominobq@tamu.edu');
insert into UUSER_ABS (ID, FULL_NAME, EMAIL) values (424, 'Siouxie Reavell', 'sreavellbr@boston.com');
insert into UUSER_ABS (ID, FULL_NAME, EMAIL) values (425, 'Ronni Fallawe', 'rfallawebs@etsy.com');
insert into UUSER_ABS (ID, FULL_NAME, EMAIL) values (426, 'Antonio McCafferty', 'amccaffertybt@hostgator.com');
insert into UUSER_ABS (ID, FULL_NAME, EMAIL) values (427, 'Kim Laweles', 'klawelesbu@guardian.co.uk');
insert into UUSER_ABS (ID, FULL_NAME, EMAIL) values (428, 'Evanne Clavey', 'eclaveybv@cisco.com');
insert into UUSER_ABS (ID, FULL_NAME, EMAIL) values (429, 'Jasmina Cicchitello', 'jcicchitellobw@live.com');
insert into UUSER_ABS (ID, FULL_NAME, EMAIL) values (430, 'Randi Skitt', 'rskittbx@mediafire.com');
insert into UUSER_ABS (ID, FULL_NAME, EMAIL) values (431, 'Bron Hinemoor', 'bhinemoorby@cam.ac.uk');
insert into UUSER_ABS (ID, FULL_NAME, EMAIL) values (432, 'Chaddy Casiero', 'ccasierobz@stumbleupon.com');
insert into UUSER_ABS (ID, FULL_NAME, EMAIL) values (433, 'Ike Wardhaugh', 'iwardhaughc0@theglobeandmail.com');
insert into UUSER_ABS (ID, FULL_NAME, EMAIL) values (434, 'Alfi Pleasants', 'apleasantsc1@wunderground.com');
insert into UUSER_ABS (ID, FULL_NAME, EMAIL) values (435, 'Dolly Hovenden', 'dhovendenc2@imdb.com');
insert into UUSER_ABS (ID, FULL_NAME, EMAIL) values (436, 'Elia Maryska', 'emaryskac3@slideshare.net');
insert into UUSER_ABS (ID, FULL_NAME, EMAIL) values (437, 'Ross Speachley', 'rspeachleyc4@google.com.hk');
insert into UUSER_ABS (ID, FULL_NAME, EMAIL) values (438, 'Thornton Shillitto', 'tshillittoc5@etsy.com');
insert into UUSER_ABS (ID, FULL_NAME, EMAIL) values (439, 'Alessandra Porcher', 'aporcherc6@skype.com');
insert into UUSER_ABS (ID, FULL_NAME, EMAIL) values (440, 'Sheppard Dash', 'sdashc7@washington.edu');
insert into UUSER_ABS (ID, FULL_NAME, EMAIL) values (441, 'Sib Cote', 'scotec8@i2i.jp');
insert into UUSER_ABS (ID, FULL_NAME, EMAIL) values (442, 'Pepita Patillo', 'ppatilloc9@mayoclinic.com');
insert into UUSER_ABS (ID, FULL_NAME, EMAIL) values (443, 'Saudra Rains', 'srainsca@amazon.co.uk');
insert into UUSER_ABS (ID, FULL_NAME, EMAIL) values (444, 'Eugen Boffin', 'eboffincb@tripod.com');
insert into UUSER_ABS (ID, FULL_NAME, EMAIL) values (445, 'Sarah Noore', 'snoorecc@ovh.net');
insert into UUSER_ABS (ID, FULL_NAME, EMAIL) values (446, 'Moe Slite', 'mslitecd@cafepress.com');
insert into UUSER_ABS (ID, FULL_NAME, EMAIL) values (447, 'Ardath Brimman', 'abrimmance@nba.com');
insert into UUSER_ABS (ID, FULL_NAME, EMAIL) values (448, 'Mable Gwinn', 'mgwinncf@e-recht24.de');
insert into UUSER_ABS (ID, FULL_NAME, EMAIL) values (449, 'Agustin Warsap', 'awarsapcg@nih.gov');
insert into UUSER_ABS (ID, FULL_NAME, EMAIL) values (450, 'Roley Dominique', 'rdominiquech@ucoz.ru');
insert into UUSER_ABS (ID, FULL_NAME, EMAIL) values (451, 'Louise Cruddas', 'lcruddasci@prweb.com');
insert into UUSER_ABS (ID, FULL_NAME, EMAIL) values (452, 'Giavani Crookshank', 'gcrookshankcj@jiathis.com');
insert into UUSER_ABS (ID, FULL_NAME, EMAIL) values (453, 'Herminia Crady', 'hcradyck@businessweek.com');
insert into UUSER_ABS (ID, FULL_NAME, EMAIL) values (454, 'Orelia Camber', 'ocambercl@umich.edu');
insert into UUSER_ABS (ID, FULL_NAME, EMAIL) values (455, 'Cristiano Beinisch', 'cbeinischcm@odnoklassniki.ru');
insert into UUSER_ABS (ID, FULL_NAME, EMAIL) values (456, 'Mahmud Mechi', 'mmechicn@nature.com');
insert into UUSER_ABS (ID, FULL_NAME, EMAIL) values (457, 'Israel Fears', 'ifearsco@e-recht24.de');
insert into UUSER_ABS (ID, FULL_NAME, EMAIL) values (458, 'Xylina Dillow', 'xdillowcp@webs.com');
insert into UUSER_ABS (ID, FULL_NAME, EMAIL) values (459, 'Jonathon Degg', 'jdeggcq@weather.com');
insert into UUSER_ABS (ID, FULL_NAME, EMAIL) values (460, 'Daffie Silverton', 'dsilvertoncr@kickstarter.com');
insert into UUSER_ABS (ID, FULL_NAME, EMAIL) values (461, 'Hailey Tallon', 'htalloncs@homestead.com');
insert into UUSER_ABS (ID, FULL_NAME, EMAIL) values (462, 'Bartie Richichi', 'brichichict@mashable.com');
insert into UUSER_ABS (ID, FULL_NAME, EMAIL) values (463, 'Berty Cormack', 'bcormackcu@google.it');
insert into UUSER_ABS (ID, FULL_NAME, EMAIL) values (464, 'Neel Haydney', 'nhaydneycv@diigo.com');
insert into UUSER_ABS (ID, FULL_NAME, EMAIL) values (465, 'Laurie Battey', 'lbatteycw@fda.gov');
insert into UUSER_ABS (ID, FULL_NAME, EMAIL) values (466, 'Lilia Norwood', 'lnorwoodcx@quantcast.com');
insert into UUSER_ABS (ID, FULL_NAME, EMAIL) values (467, 'Ricoriki Abbate', 'rabbatecy@sogou.com');
insert into UUSER_ABS (ID, FULL_NAME, EMAIL) values (468, 'Janey Habberjam', 'jhabberjamcz@ustream.tv');
insert into UUSER_ABS (ID, FULL_NAME, EMAIL) values (469, 'Aggie Lightbown', 'alightbownd0@seesaa.net');
insert into UUSER_ABS (ID, FULL_NAME, EMAIL) values (470, 'Venus Dunnaway', 'vdunnawayd1@wisc.edu');
insert into UUSER_ABS (ID, FULL_NAME, EMAIL) values (471, 'Kelwin McCane', 'kmccaned2@typepad.com');
insert into UUSER_ABS (ID, FULL_NAME, EMAIL) values (472, 'Cordula Heasly', 'cheaslyd3@seesaa.net');
insert into UUSER_ABS (ID, FULL_NAME, EMAIL) values (473, 'Holden Digle', 'hdigled4@sbwire.com');
insert into UUSER_ABS (ID, FULL_NAME, EMAIL) values (474, 'Bo Schneidau', 'bschneidaud5@list-manage.com');
insert into UUSER_ABS (ID, FULL_NAME, EMAIL) values (475, 'Felita Lune', 'fluned6@nasa.gov');
insert into UUSER_ABS (ID, FULL_NAME, EMAIL) values (476, 'Alf Matokhnin', 'amatokhnind7@etsy.com');
insert into UUSER_ABS (ID, FULL_NAME, EMAIL) values (477, 'Margery Weadick', 'mweadickd8@cdc.gov');
insert into UUSER_ABS (ID, FULL_NAME, EMAIL) values (478, 'Bar Berni', 'bbernid9@guardian.co.uk');
insert into UUSER_ABS (ID, FULL_NAME, EMAIL) values (479, 'Robert Rodgier', 'rrodgierda@unesco.org');
insert into UUSER_ABS (ID, FULL_NAME, EMAIL) values (480, 'Deeann Verni', 'dvernidb@diigo.com');
insert into UUSER_ABS (ID, FULL_NAME, EMAIL) values (481, 'Feodora Wrotchford', 'fwrotchforddc@webs.com');
insert into UUSER_ABS (ID, FULL_NAME, EMAIL) values (482, 'Benyamin Matityahu', 'bmatityahudd@parallels.com');
insert into UUSER_ABS (ID, FULL_NAME, EMAIL) values (483, 'Thorsten Mellenby', 'tmellenbyde@washington.edu');
insert into UUSER_ABS (ID, FULL_NAME, EMAIL) values (484, 'Randall Peagram', 'rpeagramdf@nasa.gov');
insert into UUSER_ABS (ID, FULL_NAME, EMAIL) values (485, 'Wrennie McLuckie', 'wmcluckiedg@pbs.org');
insert into UUSER_ABS (ID, FULL_NAME, EMAIL) values (486, 'Stevie Janus', 'sjanusdh@mediafire.com');
insert into UUSER_ABS (ID, FULL_NAME, EMAIL) values (487, 'Leonard Summerskill', 'lsummerskilldi@amazon.com');
insert into UUSER_ABS (ID, FULL_NAME, EMAIL) values (488, 'Seumas Pollok', 'spollokdj@usgs.gov');
insert into UUSER_ABS (ID, FULL_NAME, EMAIL) values (489, 'Annadiana Murrhaupt', 'amurrhauptdk@shop-pro.jp');
insert into UUSER_ABS (ID, FULL_NAME, EMAIL) values (490, 'Shannon Dudding', 'sduddingdl@boston.com');
insert into UUSER_ABS (ID, FULL_NAME, EMAIL) values (491, 'Anette Rothert', 'arothertdm@china.com.cn');
insert into UUSER_ABS (ID, FULL_NAME, EMAIL) values (492, 'Salome Pittwood', 'spittwooddn@imageshack.us');
insert into UUSER_ABS (ID, FULL_NAME, EMAIL) values (493, 'Tann Martinovic', 'tmartinovicdo@patch.com');
insert into UUSER_ABS (ID, FULL_NAME, EMAIL) values (494, 'Richie Hatton', 'rhattondp@mac.com');
insert into UUSER_ABS (ID, FULL_NAME, EMAIL) values (495, 'Nadia Harewood', 'nharewooddq@kickstarter.com');
insert into UUSER_ABS (ID, FULL_NAME, EMAIL) values (496, 'Lalo Swancock', 'lswancockdr@mail.ru');
insert into UUSER_ABS (ID, FULL_NAME, EMAIL) values (497, 'Anselma Vertey', 'averteyds@jalbum.net');
insert into UUSER_ABS (ID, FULL_NAME, EMAIL) values (498, 'Skipton Eul', 'seuldt@slideshare.net');
insert into UUSER_ABS (ID, FULL_NAME, EMAIL) values (499, 'Katharina Cousen', 'kcousendu@bigcartel.com');
insert into UUSER_ABS (ID, FULL_NAME, EMAIL) values (500, 'Rora Ellice', 'rellicedv@issuu.com');
insert into UUSER_ABS (ID, FULL_NAME, EMAIL) values (501, 'Oriana Russell', 'orusselldw@ihg.com');
insert into UUSER_ABS (ID, FULL_NAME, EMAIL) values (502, 'Lee Tomas', 'ltomasdx@npr.org');
insert into UUSER_ABS (ID, FULL_NAME, EMAIL) values (503, 'Ingaborg Elnough', 'ielnoughdy@posterous.com');
insert into UUSER_ABS (ID, FULL_NAME, EMAIL) values (504, 'Dorena Buckham', 'dbuckhamdz@seesaa.net');
insert into UUSER_ABS (ID, FULL_NAME, EMAIL) values (505, 'Annis Dochon', 'adochone0@fema.gov');
insert into UUSER_ABS (ID, FULL_NAME, EMAIL) values (506, 'Kathlin Harber', 'kharbere1@webs.com');
insert into UUSER_ABS (ID, FULL_NAME, EMAIL) values (507, 'Lidia Dugget', 'lduggete2@paypal.com');
insert into UUSER_ABS (ID, FULL_NAME, EMAIL) values (508, 'Michele Curtis', 'mcurtise3@gov.uk');
insert into UUSER_ABS (ID, FULL_NAME, EMAIL) values (509, 'Gilburt McMahon', 'gmcmahone4@umich.edu');
insert into UUSER_ABS (ID, FULL_NAME, EMAIL) values (510, 'Hilario Peinke', 'hpeinkee5@washington.edu');
insert into UUSER_ABS (ID, FULL_NAME, EMAIL) values (511, 'Stanislaus Ruddin', 'sruddine6@wikia.com');
insert into UUSER_ABS (ID, FULL_NAME, EMAIL) values (512, 'Mace Farady', 'mfaradye7@bbc.co.uk');
insert into UUSER_ABS (ID, FULL_NAME, EMAIL) values (513, 'Cassandre Curado', 'ccuradoe8@ted.com');
insert into UUSER_ABS (ID, FULL_NAME, EMAIL) values (514, 'Maximilien Firidolfi', 'mfiridolfie9@woothemes.com');
insert into UUSER_ABS (ID, FULL_NAME, EMAIL) values (515, 'Dalli Collymore', 'dcollymoreea@liveinternet.ru');
insert into UUSER_ABS (ID, FULL_NAME, EMAIL) values (516, 'Mirelle Debrett', 'mdebretteb@qq.com');
insert into UUSER_ABS (ID, FULL_NAME, EMAIL) values (517, 'Jamison Fatharly', 'jfatharlyec@woothemes.com');
insert into UUSER_ABS (ID, FULL_NAME, EMAIL) values (518, 'Nefen Tombs', 'ntombsed@ezinearticles.com');
insert into UUSER_ABS (ID, FULL_NAME, EMAIL) values (519, 'Killie Haldenby', 'khaldenbyee@nba.com');
insert into UUSER_ABS (ID, FULL_NAME, EMAIL) values (520, 'Emilee Hinkensen', 'ehinkensenef@google.ru');
insert into UUSER_ABS (ID, FULL_NAME, EMAIL) values (521, 'Giraud Dabels', 'gdabelseg@loc.gov');
insert into UUSER_ABS (ID, FULL_NAME, EMAIL) values (522, 'Celinda Buttwell', 'cbuttwelleh@canalblog.com');
insert into UUSER_ABS (ID, FULL_NAME, EMAIL) values (523, 'Dyan Brychan', 'dbrychanei@alibaba.com');
insert into UUSER_ABS (ID, FULL_NAME, EMAIL) values (524, 'Aurthur Foulkes', 'afoulkesej@bloglovin.com');
insert into UUSER_ABS (ID, FULL_NAME, EMAIL) values (525, 'Bil Merwede', 'bmerwedeek@joomla.org');
insert into UUSER_ABS (ID, FULL_NAME, EMAIL) values (526, 'Reba Renny', 'rrennyel@sun.com');
insert into UUSER_ABS (ID, FULL_NAME, EMAIL) values (527, 'Zeke Triggs', 'ztriggsem@google.fr');
insert into UUSER_ABS (ID, FULL_NAME, EMAIL) values (528, 'Cornelle Marshal', 'cmarshalen@theatlantic.com');
insert into UUSER_ABS (ID, FULL_NAME, EMAIL) values (529, 'Olimpia Halfhide', 'ohalfhideeo@walmart.com');
insert into UUSER_ABS (ID, FULL_NAME, EMAIL) values (530, 'Vassili Kaesmans', 'vkaesmansep@instagram.com');
insert into UUSER_ABS (ID, FULL_NAME, EMAIL) values (531, 'Lydon Pechet', 'lpecheteq@360.cn');
insert into UUSER_ABS (ID, FULL_NAME, EMAIL) values (532, 'Courtney Atrill', 'catriller@google.com.au');
insert into UUSER_ABS (ID, FULL_NAME, EMAIL) values (533, 'Shina Rush', 'srushes@youku.com');
insert into UUSER_ABS (ID, FULL_NAME, EMAIL) values (534, 'Amye Morl', 'amorlet@marriott.com');
insert into UUSER_ABS (ID, FULL_NAME, EMAIL) values (535, 'Perl Casazza', 'pcasazzaeu@nydailynews.com');
insert into UUSER_ABS (ID, FULL_NAME, EMAIL) values (536, 'Vinnie Cornfoot', 'vcornfootev@intel.com');
insert into UUSER_ABS (ID, FULL_NAME, EMAIL) values (537, 'Brittaney Sprowle', 'bsprowleew@geocities.com');
insert into UUSER_ABS (ID, FULL_NAME, EMAIL) values (538, 'Rycca Caldwall', 'rcaldwallex@seattletimes.com');
insert into UUSER_ABS (ID, FULL_NAME, EMAIL) values (539, 'Audy Fibbings', 'afibbingsey@storify.com');
insert into UUSER_ABS (ID, FULL_NAME, EMAIL) values (540, 'Darius Dominique', 'ddominiqueez@w3.org');
insert into UUSER_ABS (ID, FULL_NAME, EMAIL) values (541, 'Corine Messitt', 'cmessittf0@goo.gl');
insert into UUSER_ABS (ID, FULL_NAME, EMAIL) values (542, 'Della Segge', 'dseggef1@etsy.com');
insert into UUSER_ABS (ID, FULL_NAME, EMAIL) values (543, 'Demeter Dignon', 'ddignonf2@nsw.gov.au');
insert into UUSER_ABS (ID, FULL_NAME, EMAIL) values (544, 'Gothart Jewitt', 'gjewittf3@statcounter.com');
insert into UUSER_ABS (ID, FULL_NAME, EMAIL) values (545, 'Aleta Ellse', 'aellsef4@sciencedaily.com');
insert into UUSER_ABS (ID, FULL_NAME, EMAIL) values (546, 'Fernande Ahrendsen', 'fahrendsenf5@livejournal.com');
insert into UUSER_ABS (ID, FULL_NAME, EMAIL) values (547, 'Nataline McMaster', 'nmcmasterf6@merriam-webster.com');
insert into UUSER_ABS (ID, FULL_NAME, EMAIL) values (548, 'Sidnee Hiseman', 'shisemanf7@berkeley.edu');
insert into UUSER_ABS (ID, FULL_NAME, EMAIL) values (549, 'Waiter Parley', 'wparleyf8@blinklist.com');
insert into UUSER_ABS (ID, FULL_NAME, EMAIL) values (550, 'Randi Monckman', 'rmonckmanf9@netscape.com');
insert into UUSER_ABS (ID, FULL_NAME, EMAIL) values (551, 'Sammie Bonn', 'sbonnfa@spotify.com');
insert into UUSER_ABS (ID, FULL_NAME, EMAIL) values (552, 'Carrissa Mortlock', 'cmortlockfb@bloglines.com');
insert into UUSER_ABS (ID, FULL_NAME, EMAIL) values (553, 'Ciel Janecki', 'cjaneckifc@sourceforge.net');
insert into UUSER_ABS (ID, FULL_NAME, EMAIL) values (554, 'Gustie Lars', 'glarsfd@wired.com');
insert into UUSER_ABS (ID, FULL_NAME, EMAIL) values (555, 'Amargo MacCahee', 'amaccaheefe@noaa.gov');
insert into UUSER_ABS (ID, FULL_NAME, EMAIL) values (556, 'Thorn Cubin', 'tcubinff@seattletimes.com');
insert into UUSER_ABS (ID, FULL_NAME, EMAIL) values (557, 'Ammamaria Huckabe', 'ahuckabefg@phoca.cz');
insert into UUSER_ABS (ID, FULL_NAME, EMAIL) values (558, 'Vite Lambrecht', 'vlambrechtfh@umich.edu');
insert into UUSER_ABS (ID, FULL_NAME, EMAIL) values (559, 'Bonnibelle Dayce', 'bdaycefi@bbc.co.uk');
insert into UUSER_ABS (ID, FULL_NAME, EMAIL) values (560, 'Gwennie Nowakowska', 'gnowakowskafj@sogou.com');
insert into UUSER_ABS (ID, FULL_NAME, EMAIL) values (561, 'Shani Ditchett', 'sditchettfk@twitpic.com');
insert into UUSER_ABS (ID, FULL_NAME, EMAIL) values (562, 'Jan Byford', 'jbyfordfl@hc360.com');
insert into UUSER_ABS (ID, FULL_NAME, EMAIL) values (563, 'Shell Ughetti', 'sughettifm@cam.ac.uk');
insert into UUSER_ABS (ID, FULL_NAME, EMAIL) values (564, 'Worthington Bedo', 'wbedofn@who.int');
insert into UUSER_ABS (ID, FULL_NAME, EMAIL) values (565, 'Grange Peery', 'gpeeryfo@independent.co.uk');
insert into UUSER_ABS (ID, FULL_NAME, EMAIL) values (566, 'Cosette Puxley', 'cpuxleyfp@hp.com');
insert into UUSER_ABS (ID, FULL_NAME, EMAIL) values (567, 'Trevor Kobiela', 'tkobielafq@altervista.org');
insert into UUSER_ABS (ID, FULL_NAME, EMAIL) values (568, 'Lizzy Shevlin', 'lshevlinfr@answers.com');
insert into UUSER_ABS (ID, FULL_NAME, EMAIL) values (569, 'Cristine Folliss', 'cfollissfs@bravesites.com');
insert into UUSER_ABS (ID, FULL_NAME, EMAIL) values (570, 'Pennie Millson', 'pmillsonft@opera.com');
insert into UUSER_ABS (ID, FULL_NAME, EMAIL) values (571, 'Erin Mandry', 'emandryfu@census.gov');
insert into UUSER_ABS (ID, FULL_NAME, EMAIL) values (572, 'Bernardo Berr', 'bberrfv@umich.edu');
insert into UUSER_ABS (ID, FULL_NAME, EMAIL) values (573, 'Sharlene O''Brien', 'sobrienfw@princeton.edu');
insert into UUSER_ABS (ID, FULL_NAME, EMAIL) values (574, 'Carlotta Aindrais', 'caindraisfx@macromedia.com');
insert into UUSER_ABS (ID, FULL_NAME, EMAIL) values (575, 'Erda Winscom', 'ewinscomfy@wufoo.com');
insert into UUSER_ABS (ID, FULL_NAME, EMAIL) values (576, 'Liana Redier', 'lredierfz@com.com');
insert into UUSER_ABS (ID, FULL_NAME, EMAIL) values (577, 'Maryjane Mulqueen', 'mmulqueeng0@goo.gl');
insert into UUSER_ABS (ID, FULL_NAME, EMAIL) values (578, 'Ronna Hugh', 'rhughg1@scientificamerican.com');
insert into UUSER_ABS (ID, FULL_NAME, EMAIL) values (579, 'Godfrey Jephcott', 'gjephcottg2@google.nl');
insert into UUSER_ABS (ID, FULL_NAME, EMAIL) values (580, 'Corilla Raxworthy', 'craxworthyg3@sitemeter.com');
insert into UUSER_ABS (ID, FULL_NAME, EMAIL) values (581, 'Winfred Korejs', 'wkorejsg4@eepurl.com');
insert into UUSER_ABS (ID, FULL_NAME, EMAIL) values (582, 'Jill Horley', 'jhorleyg5@amazon.de');
insert into UUSER_ABS (ID, FULL_NAME, EMAIL) values (583, 'Hubey Poulett', 'hpoulettg6@omniture.com');
insert into UUSER_ABS (ID, FULL_NAME, EMAIL) values (584, 'Rasla Sergean', 'rsergeang7@harvard.edu');
insert into UUSER_ABS (ID, FULL_NAME, EMAIL) values (585, 'Deane Patty', 'dpattyg8@xing.com');
insert into UUSER_ABS (ID, FULL_NAME, EMAIL) values (586, 'Somerset Kimbrey', 'skimbreyg9@g.co');
insert into UUSER_ABS (ID, FULL_NAME, EMAIL) values (587, 'Irene Gebby', 'igebbyga@comsenz.com');
insert into UUSER_ABS (ID, FULL_NAME, EMAIL) values (588, 'Marijo Purcell', 'mpurcellgb@globo.com');
insert into UUSER_ABS (ID, FULL_NAME, EMAIL) values (589, 'Caritta Traviss', 'ctravissgc@japanpost.jp');
insert into UUSER_ABS (ID, FULL_NAME, EMAIL) values (590, 'Bail Robez', 'brobezgd@squarespace.com');
insert into UUSER_ABS (ID, FULL_NAME, EMAIL) values (591, 'Venita Dhillon', 'vdhillonge@ox.ac.uk');
insert into UUSER_ABS (ID, FULL_NAME, EMAIL) values (592, 'Robinet Binnes', 'rbinnesgf@google.pl');
insert into UUSER_ABS (ID, FULL_NAME, EMAIL) values (593, 'Cheri Unwins', 'cunwinsgg@networksolutions.com');
insert into UUSER_ABS (ID, FULL_NAME, EMAIL) values (594, 'Hiram Blew', 'hblewgh@cornell.edu');
insert into UUSER_ABS (ID, FULL_NAME, EMAIL) values (595, 'Kellby Chazotte', 'kchazottegi@hc360.com');
insert into UUSER_ABS (ID, FULL_NAME, EMAIL) values (596, 'Massimiliano Peterson', 'mpetersongj@imageshack.us');
insert into UUSER_ABS (ID, FULL_NAME, EMAIL) values (597, 'Adena Benjamin', 'abenjamingk@sbwire.com');
insert into UUSER_ABS (ID, FULL_NAME, EMAIL) values (598, 'Margarita Draaisma', 'mdraaismagl@e-recht24.de');
insert into UUSER_ABS (ID, FULL_NAME, EMAIL) values (599, 'Bowie Fairbanks', 'bfairbanksgm@arizona.edu');
insert into UUSER_ABS (ID, FULL_NAME, EMAIL) values (600, 'Eb Robichon', 'erobichongn@devhub.com');
insert into UUSER_ABS (ID, FULL_NAME, EMAIL) values (601, 'Analise Standish-Brooks', 'astandishbrooksgo@redcross.org');
insert into UUSER_ABS (ID, FULL_NAME, EMAIL) values (602, 'Egor Screach', 'escreachgp@51.la');
insert into UUSER_ABS (ID, FULL_NAME, EMAIL) values (603, 'Sutherlan Lenney', 'slenneygq@1und1.de');
insert into UUSER_ABS (ID, FULL_NAME, EMAIL) values (604, 'Franni Mandre', 'fmandregr@scientificamerican.com');
insert into UUSER_ABS (ID, FULL_NAME, EMAIL) values (605, 'Maia Alcide', 'malcidegs@apache.org');
insert into UUSER_ABS (ID, FULL_NAME, EMAIL) values (606, 'Rogers Yorath', 'ryorathgt@independent.co.uk');
insert into UUSER_ABS (ID, FULL_NAME, EMAIL) values (607, 'Eleonora Balcers', 'ebalcersgu@washingtonpost.com');
insert into UUSER_ABS (ID, FULL_NAME, EMAIL) values (608, 'Pauli Pringle', 'ppringlegv@amazon.com');
insert into UUSER_ABS (ID, FULL_NAME, EMAIL) values (609, 'Baryram Stabler', 'bstablergw@aboutads.info');
insert into UUSER_ABS (ID, FULL_NAME, EMAIL) values (610, 'Caroljean Morales', 'cmoralesgx@fc2.com');
insert into UUSER_ABS (ID, FULL_NAME, EMAIL) values (611, 'Jojo Nuscha', 'jnuschagy@wisc.edu');
insert into UUSER_ABS (ID, FULL_NAME, EMAIL) values (612, 'Gabriellia Ivanenkov', 'givanenkovgz@usda.gov');
insert into UUSER_ABS (ID, FULL_NAME, EMAIL) values (613, 'Minny Winman', 'mwinmanh0@unesco.org');
insert into UUSER_ABS (ID, FULL_NAME, EMAIL) values (614, 'Claudia Bisacre', 'cbisacreh1@odnoklassniki.ru');
insert into UUSER_ABS (ID, FULL_NAME, EMAIL) values (615, 'Gianna Goreisr', 'ggoreisrh2@icio.us');
insert into UUSER_ABS (ID, FULL_NAME, EMAIL) values (616, 'Olvan Cultcheth', 'ocultchethh3@mapy.cz');
insert into UUSER_ABS (ID, FULL_NAME, EMAIL) values (617, 'Seline Pfeffle', 'spfeffleh4@sun.com');
insert into UUSER_ABS (ID, FULL_NAME, EMAIL) values (618, 'Hi Arkill', 'harkillh5@123-reg.co.uk');
insert into UUSER_ABS (ID, FULL_NAME, EMAIL) values (619, 'Britni Harford', 'bharfordh6@illinois.edu');
insert into UUSER_ABS (ID, FULL_NAME, EMAIL) values (620, 'Mattie Haxbie', 'mhaxbieh7@hao123.com');
insert into UUSER_ABS (ID, FULL_NAME, EMAIL) values (621, 'Marcel Peeke-Vout', 'mpeekevouth8@ted.com');
insert into UUSER_ABS (ID, FULL_NAME, EMAIL) values (622, 'Archy Handyside', 'ahandysideh9@statcounter.com');
insert into UUSER_ABS (ID, FULL_NAME, EMAIL) values (623, 'Faber Earlam', 'fearlamha@deviantart.com');
insert into UUSER_ABS (ID, FULL_NAME, EMAIL) values (624, 'Willdon Crilley', 'wcrilleyhb@gmpg.org');
insert into UUSER_ABS (ID, FULL_NAME, EMAIL) values (625, 'Kele Sale', 'ksalehc@marriott.com');
insert into UUSER_ABS (ID, FULL_NAME, EMAIL) values (626, 'Nelly Comar', 'ncomarhd@canalblog.com');
insert into UUSER_ABS (ID, FULL_NAME, EMAIL) values (627, 'Hanna Goldster', 'hgoldsterhe@army.mil');
insert into UUSER_ABS (ID, FULL_NAME, EMAIL) values (628, 'Carena Picardo', 'cpicardohf@ycombinator.com');
insert into UUSER_ABS (ID, FULL_NAME, EMAIL) values (629, 'Rivi Rehor', 'rrehorhg@redcross.org');
insert into UUSER_ABS (ID, FULL_NAME, EMAIL) values (630, 'Horatius Morican', 'hmoricanhh@globo.com');
insert into UUSER_ABS (ID, FULL_NAME, EMAIL) values (631, 'Billi Gilbertson', 'bgilbertsonhi@stanford.edu');
insert into UUSER_ABS (ID, FULL_NAME, EMAIL) values (632, 'Fabio Rimington', 'frimingtonhj@deliciousdays.com');
insert into UUSER_ABS (ID, FULL_NAME, EMAIL) values (633, 'Obed Tomei', 'otomeihk@nymag.com');
insert into UUSER_ABS (ID, FULL_NAME, EMAIL) values (634, 'Dollie Cunio', 'dcuniohl@hhs.gov');
insert into UUSER_ABS (ID, FULL_NAME, EMAIL) values (635, 'Cly Matkin', 'cmatkinhm@sphinn.com');
insert into UUSER_ABS (ID, FULL_NAME, EMAIL) values (636, 'Catlaina Lillyman', 'clillymanhn@miibeian.gov.cn');
insert into UUSER_ABS (ID, FULL_NAME, EMAIL) values (637, 'Rogers Gatrill', 'rgatrillho@disqus.com');
insert into UUSER_ABS (ID, FULL_NAME, EMAIL) values (638, 'Walsh Abramowitz', 'wabramowitzhp@globo.com');
insert into UUSER_ABS (ID, FULL_NAME, EMAIL) values (639, 'August Epple', 'aepplehq@dailymotion.com');
insert into UUSER_ABS (ID, FULL_NAME, EMAIL) values (640, 'Elianore Davidsson', 'edavidssonhr@cam.ac.uk');
insert into UUSER_ABS (ID, FULL_NAME, EMAIL) values (641, 'Hanny Averay', 'haverayhs@woothemes.com');
insert into UUSER_ABS (ID, FULL_NAME, EMAIL) values (642, 'Matelda Emmanuel', 'memmanuelht@jigsy.com');
insert into UUSER_ABS (ID, FULL_NAME, EMAIL) values (643, 'Corrie Annandale', 'cannandalehu@rambler.ru');
insert into UUSER_ABS (ID, FULL_NAME, EMAIL) values (644, 'Gray Cordall', 'gcordallhv@vk.com');
insert into UUSER_ABS (ID, FULL_NAME, EMAIL) values (645, 'Lucais McCord', 'lmccordhw@cafepress.com');
insert into UUSER_ABS (ID, FULL_NAME, EMAIL) values (646, 'Zea Hayles', 'zhayleshx@google.it');
insert into UUSER_ABS (ID, FULL_NAME, EMAIL) values (647, 'Franklin Whitter', 'fwhitterhy@answers.com');
insert into UUSER_ABS (ID, FULL_NAME, EMAIL) values (648, 'Eddy Minmagh', 'eminmaghhz@fda.gov');
insert into UUSER_ABS (ID, FULL_NAME, EMAIL) values (649, 'Artie Markos', 'amarkosi0@reuters.com');
insert into UUSER_ABS (ID, FULL_NAME, EMAIL) values (650, 'Gina Burchmore', 'gburchmorei1@google.nl');
insert into UUSER_ABS (ID, FULL_NAME, EMAIL) values (651, 'Fenelia McKenzie', 'fmckenziei2@oakley.com');
insert into UUSER_ABS (ID, FULL_NAME, EMAIL) values (652, 'Nestor Darton', 'ndartoni3@hud.gov');
insert into UUSER_ABS (ID, FULL_NAME, EMAIL) values (653, 'Ara Dobkin', 'adobkini4@multiply.com');
insert into UUSER_ABS (ID, FULL_NAME, EMAIL) values (654, 'Robbi Nana', 'rnanai5@noaa.gov');
insert into UUSER_ABS (ID, FULL_NAME, EMAIL) values (655, 'Lari Beechcraft', 'lbeechcrafti6@netlog.com');
insert into UUSER_ABS (ID, FULL_NAME, EMAIL) values (656, 'Wilburt Dawidowicz', 'wdawidowiczi7@myspace.com');
insert into UUSER_ABS (ID, FULL_NAME, EMAIL) values (657, 'Broderick Sloley', 'bsloleyi8@cocolog-nifty.com');
insert into UUSER_ABS (ID, FULL_NAME, EMAIL) values (658, 'Shermie Izat', 'sizati9@google.co.jp');
insert into UUSER_ABS (ID, FULL_NAME, EMAIL) values (659, 'Gill Trollope', 'gtrollopeia@wordpress.com');
insert into UUSER_ABS (ID, FULL_NAME, EMAIL) values (660, 'Reginauld Boundley', 'rboundleyib@hud.gov');
insert into UUSER_ABS (ID, FULL_NAME, EMAIL) values (661, 'Inglis Liffey', 'iliffeyic@businessinsider.com');
insert into UUSER_ABS (ID, FULL_NAME, EMAIL) values (662, 'Casey Jopson', 'cjopsonid@posterous.com');
insert into UUSER_ABS (ID, FULL_NAME, EMAIL) values (663, 'Siusan Warhurst', 'swarhurstie@cbsnews.com');
insert into UUSER_ABS (ID, FULL_NAME, EMAIL) values (664, 'Simeon Cumberland', 'scumberlandif@about.me');
insert into UUSER_ABS (ID, FULL_NAME, EMAIL) values (665, 'Emile Standingford', 'estandingfordig@cdc.gov');
insert into UUSER_ABS (ID, FULL_NAME, EMAIL) values (666, 'Michal Gleasane', 'mgleasaneih@foxnews.com');
insert into UUSER_ABS (ID, FULL_NAME, EMAIL) values (667, 'Lalo Chadbourn', 'lchadbournii@narod.ru');
insert into UUSER_ABS (ID, FULL_NAME, EMAIL) values (668, 'Deidre Spink', 'dspinkij@pagesperso-orange.fr');
insert into UUSER_ABS (ID, FULL_NAME, EMAIL) values (669, 'Damaris Cogzell', 'dcogzellik@google.com.au');
insert into UUSER_ABS (ID, FULL_NAME, EMAIL) values (670, 'Winonah Dicty', 'wdictyil@ft.com');
insert into UUSER_ABS (ID, FULL_NAME, EMAIL) values (671, 'Roosevelt Wharram', 'rwharramim@cmu.edu');
insert into UUSER_ABS (ID, FULL_NAME, EMAIL) values (672, 'Heindrick Strauss', 'hstraussin@free.fr');
insert into UUSER_ABS (ID, FULL_NAME, EMAIL) values (673, 'Hank Appleford', 'happlefordio@smh.com.au');
insert into UUSER_ABS (ID, FULL_NAME, EMAIL) values (674, 'Brett Petri', 'bpetriip@vinaora.com');
insert into UUSER_ABS (ID, FULL_NAME, EMAIL) values (675, 'Catarina Stinson', 'cstinsoniq@desdev.cn');
insert into UUSER_ABS (ID, FULL_NAME, EMAIL) values (676, 'Gae Ryley', 'gryleyir@globo.com');
insert into UUSER_ABS (ID, FULL_NAME, EMAIL) values (677, 'Debora Stronough', 'dstronoughis@irs.gov');
insert into UUSER_ABS (ID, FULL_NAME, EMAIL) values (678, 'Friederike Hakes', 'fhakesit@jimdo.com');
insert into UUSER_ABS (ID, FULL_NAME, EMAIL) values (679, 'Laetitia Wyer', 'lwyeriu@newsvine.com');
insert into UUSER_ABS (ID, FULL_NAME, EMAIL) values (680, 'Sib Earwicker', 'searwickeriv@topsy.com');
insert into UUSER_ABS (ID, FULL_NAME, EMAIL) values (681, 'Lucy Rubinchik', 'lrubinchikiw@yolasite.com');
insert into UUSER_ABS (ID, FULL_NAME, EMAIL) values (682, 'Gradey Alfwy', 'galfwyix@google.co.uk');
insert into UUSER_ABS (ID, FULL_NAME, EMAIL) values (683, 'Rockey Poizer', 'rpoizeriy@ihg.com');
insert into UUSER_ABS (ID, FULL_NAME, EMAIL) values (684, 'Cordula Winpenny', 'cwinpennyiz@jiathis.com');
insert into UUSER_ABS (ID, FULL_NAME, EMAIL) values (685, 'Sidonnie Youhill', 'syouhillj0@rakuten.co.jp');
insert into UUSER_ABS (ID, FULL_NAME, EMAIL) values (686, 'Miof mela Jaime', 'mmelaj1@google.ca');
insert into UUSER_ABS (ID, FULL_NAME, EMAIL) values (687, 'Fayre Lawlance', 'flawlancej2@state.tx.us');
insert into UUSER_ABS (ID, FULL_NAME, EMAIL) values (688, 'Saundra Jackling', 'sjacklingj3@yolasite.com');
insert into UUSER_ABS (ID, FULL_NAME, EMAIL) values (689, 'Junie Lorenzo', 'jlorenzoj4@go.com');
insert into UUSER_ABS (ID, FULL_NAME, EMAIL) values (690, 'Carey Elies', 'celiesj5@jimdo.com');
insert into UUSER_ABS (ID, FULL_NAME, EMAIL) values (691, 'Davis Adiscot', 'dadiscotj6@ucsd.edu');
insert into UUSER_ABS (ID, FULL_NAME, EMAIL) values (692, 'Nettle Meiningen', 'nmeiningenj7@163.com');
insert into UUSER_ABS (ID, FULL_NAME, EMAIL) values (693, 'Adelbert Swale', 'aswalej8@webmd.com');
insert into UUSER_ABS (ID, FULL_NAME, EMAIL) values (694, 'Carlos Pinch', 'cpinchj9@soup.io');
insert into UUSER_ABS (ID, FULL_NAME, EMAIL) values (695, 'Camile Sly', 'cslyja@4shared.com');
insert into UUSER_ABS (ID, FULL_NAME, EMAIL) values (696, 'Thomas Dibbs', 'tdibbsjb@list-manage.com');
insert into UUSER_ABS (ID, FULL_NAME, EMAIL) values (697, 'Celine Wolver', 'cwolverjc@weebly.com');
insert into UUSER_ABS (ID, FULL_NAME, EMAIL) values (698, 'Marena Coathup', 'mcoathupjd@youku.com');
insert into UUSER_ABS (ID, FULL_NAME, EMAIL) values (699, 'Geri Kersaw', 'gkersawje@networkadvertising.org');
insert into UUSER_ABS (ID, FULL_NAME, EMAIL) values (700, 'Claudelle Brickhill', 'cbrickhilljf@github.com');
insert into UUSER_ABS (ID, FULL_NAME, EMAIL) values (701, 'Karney Hosby', 'khosbyjg@sina.com.cn');
insert into UUSER_ABS (ID, FULL_NAME, EMAIL) values (702, 'Jody Sanja', 'jsanjajh@jalbum.net');
insert into UUSER_ABS (ID, FULL_NAME, EMAIL) values (703, 'Corabelle Jiles', 'cjilesji@trellian.com');
insert into UUSER_ABS (ID, FULL_NAME, EMAIL) values (704, 'Cindee Red', 'credjj@webnode.com');
insert into UUSER_ABS (ID, FULL_NAME, EMAIL) values (705, 'Alister Stedell', 'astedelljk@shop-pro.jp');
insert into UUSER_ABS (ID, FULL_NAME, EMAIL) values (706, 'Stavro Davidowsky', 'sdavidowskyjl@goodreads.com');
insert into UUSER_ABS (ID, FULL_NAME, EMAIL) values (707, 'Maxi Brownsworth', 'mbrownsworthjm@webmd.com');
insert into UUSER_ABS (ID, FULL_NAME, EMAIL) values (708, 'Bambie Ianson', 'biansonjn@msn.com');
insert into UUSER_ABS (ID, FULL_NAME, EMAIL) values (709, 'Marcellina Buxsey', 'mbuxseyjo@timesonline.co.uk');
insert into UUSER_ABS (ID, FULL_NAME, EMAIL) values (710, 'Vicky Burbudge', 'vburbudgejp@gravatar.com');
insert into UUSER_ABS (ID, FULL_NAME, EMAIL) values (711, 'Kyle Pakes', 'kpakesjq@dagondesign.com');
insert into UUSER_ABS (ID, FULL_NAME, EMAIL) values (712, 'Kizzie Collete', 'kcolletejr@networksolutions.com');
insert into UUSER_ABS (ID, FULL_NAME, EMAIL) values (713, 'Ambrosio Bausmann', 'abausmannjs@bandcamp.com');
insert into UUSER_ABS (ID, FULL_NAME, EMAIL) values (714, 'Melissa Liston', 'mlistonjt@acquirethisname.com');
insert into UUSER_ABS (ID, FULL_NAME, EMAIL) values (715, 'Silvanus Shortin', 'sshortinju@mtv.com');
insert into UUSER_ABS (ID, FULL_NAME, EMAIL) values (716, 'Jeanette Digg', 'jdiggjv@google.com.au');
insert into UUSER_ABS (ID, FULL_NAME, EMAIL) values (717, 'Ezekiel Bassham', 'ebasshamjw@example.com');
insert into UUSER_ABS (ID, FULL_NAME, EMAIL) values (718, 'Bernadine Brockherst', 'bbrockherstjx@state.tx.us');
insert into UUSER_ABS (ID, FULL_NAME, EMAIL) values (719, 'Clotilda Harkness', 'charknessjy@reddit.com');
insert into UUSER_ABS (ID, FULL_NAME, EMAIL) values (720, 'Lolly Tregent', 'ltregentjz@mtv.com');
insert into UUSER_ABS (ID, FULL_NAME, EMAIL) values (721, 'Berry Marusik', 'bmarusikk0@alexa.com');
insert into UUSER_ABS (ID, FULL_NAME, EMAIL) values (722, 'Del Tipens', 'dtipensk1@techcrunch.com');
insert into UUSER_ABS (ID, FULL_NAME, EMAIL) values (723, 'Freddie Frigout', 'ffrigoutk2@ed.gov');
insert into UUSER_ABS (ID, FULL_NAME, EMAIL) values (724, 'Levi Hannabus', 'lhannabusk3@hexun.com');
insert into UUSER_ABS (ID, FULL_NAME, EMAIL) values (725, 'Kyle Leah', 'kleahk4@dailymail.co.uk');
insert into UUSER_ABS (ID, FULL_NAME, EMAIL) values (726, 'Erena Silversmidt', 'esilversmidtk5@slashdot.org');
insert into UUSER_ABS (ID, FULL_NAME, EMAIL) values (727, 'Jeane Element', 'jelementk6@elegantthemes.com');
insert into UUSER_ABS (ID, FULL_NAME, EMAIL) values (728, 'Cyb Goddard', 'cgoddardk7@usa.gov');
insert into UUSER_ABS (ID, FULL_NAME, EMAIL) values (729, 'Adelbert Beville', 'abevillek8@go.com');
insert into UUSER_ABS (ID, FULL_NAME, EMAIL) values (730, 'Nicolle McAlroy', 'nmcalroyk9@yellowbook.com');
insert into UUSER_ABS (ID, FULL_NAME, EMAIL) values (731, 'Roby Auchterlonie', 'rauchterlonieka@is.gd');
insert into UUSER_ABS (ID, FULL_NAME, EMAIL) values (732, 'Umberto Bohlsen', 'ubohlsenkb@yahoo.co.jp');
insert into UUSER_ABS (ID, FULL_NAME, EMAIL) values (733, 'Barret Leynham', 'bleynhamkc@cargocollective.com');
insert into UUSER_ABS (ID, FULL_NAME, EMAIL) values (734, 'Cassius Kennsley', 'ckennsleykd@seesaa.net');
insert into UUSER_ABS (ID, FULL_NAME, EMAIL) values (735, 'Sada Armell', 'sarmellke@google.es');
insert into UUSER_ABS (ID, FULL_NAME, EMAIL) values (736, 'Elston Spilsbury', 'espilsburykf@phoca.cz');
insert into UUSER_ABS (ID, FULL_NAME, EMAIL) values (737, 'Goober Croson', 'gcrosonkg@shareasale.com');
insert into UUSER_ABS (ID, FULL_NAME, EMAIL) values (738, 'Elaine Boules', 'ebouleskh@webeden.co.uk');
insert into UUSER_ABS (ID, FULL_NAME, EMAIL) values (739, 'Giacopo Olexa', 'golexaki@time.com');
insert into UUSER_ABS (ID, FULL_NAME, EMAIL) values (740, 'Jarrad Lobbe', 'jlobbekj@cpanel.net');
insert into UUSER_ABS (ID, FULL_NAME, EMAIL) values (741, 'Iggie Brownsall', 'ibrownsallkk@vinaora.com');
insert into UUSER_ABS (ID, FULL_NAME, EMAIL) values (742, 'Broderic Newis', 'bnewiskl@51.la');
insert into UUSER_ABS (ID, FULL_NAME, EMAIL) values (743, 'Gaby Rilings', 'grilingskm@senate.gov');
insert into UUSER_ABS (ID, FULL_NAME, EMAIL) values (744, 'Granny Greenrodd', 'ggreenroddkn@a8.net');
insert into UUSER_ABS (ID, FULL_NAME, EMAIL) values (745, 'Milt Waulker', 'mwaulkerko@cdbaby.com');
insert into UUSER_ABS (ID, FULL_NAME, EMAIL) values (746, 'Carissa Skures', 'cskureskp@wisc.edu');
insert into UUSER_ABS (ID, FULL_NAME, EMAIL) values (747, 'Chadwick Ilott', 'cilottkq@paginegialle.it');
insert into UUSER_ABS (ID, FULL_NAME, EMAIL) values (748, 'Cornela Bellham', 'cbellhamkr@twitter.com');
insert into UUSER_ABS (ID, FULL_NAME, EMAIL) values (749, 'Brenden Eastes', 'beastesks@oakley.com');
insert into UUSER_ABS (ID, FULL_NAME, EMAIL) values (750, 'Nanon Minmagh', 'nminmaghkt@aol.com');
insert into UUSER_ABS (ID, FULL_NAME, EMAIL) values (751, 'Sutton Gentner', 'sgentnerku@bing.com');
insert into UUSER_ABS (ID, FULL_NAME, EMAIL) values (752, 'Lawry Burchnall', 'lburchnallkv@blogspot.com');
insert into UUSER_ABS (ID, FULL_NAME, EMAIL) values (753, 'Fina Hentzer', 'fhentzerkw@goo.ne.jp');
insert into UUSER_ABS (ID, FULL_NAME, EMAIL) values (754, 'Simeon Willoway', 'swillowaykx@pinterest.com');
insert into UUSER_ABS (ID, FULL_NAME, EMAIL) values (755, 'Kimberley Feighney', 'kfeighneyky@squarespace.com');
insert into UUSER_ABS (ID, FULL_NAME, EMAIL) values (756, 'Jarrad Beck', 'jbeckkz@chron.com');
insert into UUSER_ABS (ID, FULL_NAME, EMAIL) values (757, 'Whitney Ockwell', 'wockwelll0@apache.org');
insert into UUSER_ABS (ID, FULL_NAME, EMAIL) values (758, 'Darelle Pimblett', 'dpimblettl1@discuz.net');
insert into UUSER_ABS (ID, FULL_NAME, EMAIL) values (759, 'Currie Wallwork', 'cwallworkl2@goodreads.com');
insert into UUSER_ABS (ID, FULL_NAME, EMAIL) values (760, 'Bryant Spowage', 'bspowagel3@ed.gov');
insert into UUSER_ABS (ID, FULL_NAME, EMAIL) values (761, 'Hervey Ferrari', 'hferraril4@slashdot.org');
insert into UUSER_ABS (ID, FULL_NAME, EMAIL) values (762, 'Vinson Burg', 'vburgl5@flavors.me');
insert into UUSER_ABS (ID, FULL_NAME, EMAIL) values (763, 'Vachel Macauley', 'vmacauleyl6@cbslocal.com');
insert into UUSER_ABS (ID, FULL_NAME, EMAIL) values (764, 'Hall Immer', 'himmerl7@mashable.com');
insert into UUSER_ABS (ID, FULL_NAME, EMAIL) values (765, 'Pate Eighteen', 'peighteenl8@wp.com');
insert into UUSER_ABS (ID, FULL_NAME, EMAIL) values (766, 'Quillan Grassin', 'qgrassinl9@elegantthemes.com');
insert into UUSER_ABS (ID, FULL_NAME, EMAIL) values (767, 'Alberta Shelsher', 'ashelsherla@desdev.cn');
insert into UUSER_ABS (ID, FULL_NAME, EMAIL) values (768, 'Mindy Belshaw', 'mbelshawlb@ocn.ne.jp');
insert into UUSER_ABS (ID, FULL_NAME, EMAIL) values (769, 'Merna Sansam', 'msansamlc@youtube.com');
insert into UUSER_ABS (ID, FULL_NAME, EMAIL) values (770, 'Terrie Bartoloma', 'tbartolomald@paginegialle.it');
insert into UUSER_ABS (ID, FULL_NAME, EMAIL) values (771, 'Willow McNeely', 'wmcneelyle@oakley.com');
insert into UUSER_ABS (ID, FULL_NAME, EMAIL) values (772, 'Granthem Rolinson', 'grolinsonlf@mapy.cz');
insert into UUSER_ABS (ID, FULL_NAME, EMAIL) values (773, 'Care Farndell', 'cfarndelllg@wisc.edu');
insert into UUSER_ABS (ID, FULL_NAME, EMAIL) values (774, 'Clarette Larchiere', 'clarchierelh@tmall.com');
insert into UUSER_ABS (ID, FULL_NAME, EMAIL) values (775, 'Nefen Billin', 'nbillinli@hexun.com');
insert into UUSER_ABS (ID, FULL_NAME, EMAIL) values (776, 'Elyse Jorioz', 'ejoriozlj@dailymotion.com');
insert into UUSER_ABS (ID, FULL_NAME, EMAIL) values (777, 'Wilona Tennewell', 'wtennewelllk@google.co.uk');
insert into UUSER_ABS (ID, FULL_NAME, EMAIL) values (778, 'Kellen Marjoram', 'kmarjoramll@gravatar.com');
insert into UUSER_ABS (ID, FULL_NAME, EMAIL) values (779, 'Britte Domican', 'bdomicanlm@google.co.uk');
insert into UUSER_ABS (ID, FULL_NAME, EMAIL) values (780, 'Jenni Keppy', 'jkeppyln@symantec.com');
insert into UUSER_ABS (ID, FULL_NAME, EMAIL) values (781, 'Charis Lusher', 'clusherlo@sbwire.com');
insert into UUSER_ABS (ID, FULL_NAME, EMAIL) values (782, 'Karlyn Aggott', 'kaggottlp@foxnews.com');
insert into UUSER_ABS (ID, FULL_NAME, EMAIL) values (783, 'Mariellen Nitti', 'mnittilq@ycombinator.com');
insert into UUSER_ABS (ID, FULL_NAME, EMAIL) values (784, 'Easter Befroy', 'ebefroylr@cbsnews.com');
insert into UUSER_ABS (ID, FULL_NAME, EMAIL) values (785, 'Kai Goodricke', 'kgoodrickels@angelfire.com');
insert into UUSER_ABS (ID, FULL_NAME, EMAIL) values (786, 'Wilhelm Jackman', 'wjackmanlt@linkedin.com');
insert into UUSER_ABS (ID, FULL_NAME, EMAIL) values (787, 'Shandie Toft', 'stoftlu@eventbrite.com');
insert into UUSER_ABS (ID, FULL_NAME, EMAIL) values (788, 'Otha Kochl', 'okochllv@studiopress.com');
insert into UUSER_ABS (ID, FULL_NAME, EMAIL) values (789, 'Marketa Whelpton', 'mwhelptonlw@pcworld.com');
insert into UUSER_ABS (ID, FULL_NAME, EMAIL) values (790, 'Vivia Lovie', 'vlovielx@washington.edu');
insert into UUSER_ABS (ID, FULL_NAME, EMAIL) values (791, 'Philomena Jobling', 'pjoblingly@engadget.com');
insert into UUSER_ABS (ID, FULL_NAME, EMAIL) values (792, 'Denni Wittman', 'dwittmanlz@engadget.com');
insert into UUSER_ABS (ID, FULL_NAME, EMAIL) values (793, 'Betteann Burren', 'bburrenm0@rambler.ru');
insert into UUSER_ABS (ID, FULL_NAME, EMAIL) values (794, 'Jeramey Asch', 'jaschm1@upenn.edu');
insert into UUSER_ABS (ID, FULL_NAME, EMAIL) values (795, 'Peggi Pegden', 'ppegdenm2@unblog.fr');
insert into UUSER_ABS (ID, FULL_NAME, EMAIL) values (796, 'Allan Caves', 'acavesm3@spiegel.de');
insert into UUSER_ABS (ID, FULL_NAME, EMAIL) values (797, 'Alister Charlwood', 'acharlwoodm4@mozilla.org');
insert into UUSER_ABS (ID, FULL_NAME, EMAIL) values (798, 'Merrile Thay', 'mthaym5@chicagotribune.com');
insert into UUSER_ABS (ID, FULL_NAME, EMAIL) values (799, 'Filmer L''oiseau', 'floiseaum6@yandex.ru');
insert into UUSER_ABS (ID, FULL_NAME, EMAIL) values (800, 'Mayer Salter', 'msalterm7@amazon.co.uk');
insert into UUSER_ABS (ID, FULL_NAME, EMAIL) values (801, 'Leonelle Gieves', 'lgievesm8@mashable.com');
insert into UUSER_ABS (ID, FULL_NAME, EMAIL) values (802, 'Janela Sorel', 'jsorelm9@rambler.ru');
insert into UUSER_ABS (ID, FULL_NAME, EMAIL) values (803, 'Pam Brownlow', 'pbrownlowma@odnoklassniki.ru');
insert into UUSER_ABS (ID, FULL_NAME, EMAIL) values (804, 'Ivette Scholcroft', 'ischolcroftmb@newyorker.com');
insert into UUSER_ABS (ID, FULL_NAME, EMAIL) values (805, 'Tiphani Bowshire', 'tbowshiremc@rambler.ru');
insert into UUSER_ABS (ID, FULL_NAME, EMAIL) values (806, 'Clint Ingray', 'cingraymd@cargocollective.com');
insert into UUSER_ABS (ID, FULL_NAME, EMAIL) values (807, 'Hoyt Charlewood', 'hcharlewoodme@t-online.de');
insert into UUSER_ABS (ID, FULL_NAME, EMAIL) values (808, 'Marjy Muckian', 'mmuckianmf@sitemeter.com');
insert into UUSER_ABS (ID, FULL_NAME, EMAIL) values (809, 'Grete Pinfold', 'gpinfoldmg@drupal.org');
insert into UUSER_ABS (ID, FULL_NAME, EMAIL) values (810, 'Penny di Rocca', 'pdimh@ted.com');
insert into UUSER_ABS (ID, FULL_NAME, EMAIL) values (811, 'Lorry Rubinlicht', 'lrubinlichtmi@va.gov');
insert into UUSER_ABS (ID, FULL_NAME, EMAIL) values (812, 'Chantalle Partington', 'cpartingtonmj@time.com');
insert into UUSER_ABS (ID, FULL_NAME, EMAIL) values (813, 'Sherie Shegog', 'sshegogmk@studiopress.com');
insert into UUSER_ABS (ID, FULL_NAME, EMAIL) values (814, 'Lurlene Rishman', 'lrishmanml@dot.gov');
insert into UUSER_ABS (ID, FULL_NAME, EMAIL) values (815, 'Jennifer Thain', 'jthainmm@webs.com');
insert into UUSER_ABS (ID, FULL_NAME, EMAIL) values (816, 'Lazare McMackin', 'lmcmackinmn@opera.com');
insert into UUSER_ABS (ID, FULL_NAME, EMAIL) values (817, 'Randy Marchello', 'rmarchellomo@nsw.gov.au');
insert into UUSER_ABS (ID, FULL_NAME, EMAIL) values (818, 'Debor Tierney', 'dtierneymp@indiatimes.com');
insert into UUSER_ABS (ID, FULL_NAME, EMAIL) values (819, 'Crichton Figger', 'cfiggermq@nba.com');
insert into UUSER_ABS (ID, FULL_NAME, EMAIL) values (820, 'Cornall Channing', 'cchanningmr@booking.com');
insert into UUSER_ABS (ID, FULL_NAME, EMAIL) values (821, 'Penelope Rusk', 'pruskms@cmu.edu');
insert into UUSER_ABS (ID, FULL_NAME, EMAIL) values (822, 'Abby Lamdin', 'alamdinmt@joomla.org');
insert into UUSER_ABS (ID, FULL_NAME, EMAIL) values (823, 'Jilleen Stroobant', 'jstroobantmu@prweb.com');
insert into UUSER_ABS (ID, FULL_NAME, EMAIL) values (824, 'Erda Suller', 'esullermv@moonfruit.com');
insert into UUSER_ABS (ID, FULL_NAME, EMAIL) values (825, 'Rois Lendrem', 'rlendremmw@stanford.edu');
insert into UUSER_ABS (ID, FULL_NAME, EMAIL) values (826, 'Terrence Le Merchant', 'tlemx@privacy.gov.au');
insert into UUSER_ABS (ID, FULL_NAME, EMAIL) values (827, 'Hieronymus Ewan', 'hewanmy@jigsy.com');
insert into UUSER_ABS (ID, FULL_NAME, EMAIL) values (828, 'Vassili Collyer', 'vcollyermz@ebay.co.uk');
insert into UUSER_ABS (ID, FULL_NAME, EMAIL) values (829, 'Stan Melbury', 'smelburyn0@smh.com.au');
insert into UUSER_ABS (ID, FULL_NAME, EMAIL) values (830, 'Erick Hellwig', 'ehellwign1@wordpress.com');
insert into UUSER_ABS (ID, FULL_NAME, EMAIL) values (831, 'Mirna Charlotte', 'mcharlotten2@sciencedirect.com');
insert into UUSER_ABS (ID, FULL_NAME, EMAIL) values (832, 'Alano Atter', 'aattern3@webeden.co.uk');
insert into UUSER_ABS (ID, FULL_NAME, EMAIL) values (833, 'Farah Everall', 'feveralln4@arstechnica.com');
insert into UUSER_ABS (ID, FULL_NAME, EMAIL) values (834, 'Scarlet Kensitt', 'skensittn5@parallels.com');
insert into UUSER_ABS (ID, FULL_NAME, EMAIL) values (835, 'Noni Forge', 'nforgen6@stanford.edu');
insert into UUSER_ABS (ID, FULL_NAME, EMAIL) values (836, 'Julie Cardenosa', 'jcardenosan7@blogs.com');
insert into UUSER_ABS (ID, FULL_NAME, EMAIL) values (837, 'Lek Duley', 'lduleyn8@soundcloud.com');
insert into UUSER_ABS (ID, FULL_NAME, EMAIL) values (838, 'Kellsie Parkyn', 'kparkynn9@mayoclinic.com');
insert into UUSER_ABS (ID, FULL_NAME, EMAIL) values (839, 'Abbye Blaber', 'ablaberna@vk.com');
insert into UUSER_ABS (ID, FULL_NAME, EMAIL) values (840, 'Berri Alison', 'balisonnb@youtu.be');
insert into UUSER_ABS (ID, FULL_NAME, EMAIL) values (841, 'Fabiano Peltzer', 'fpeltzernc@so-net.ne.jp');
insert into UUSER_ABS (ID, FULL_NAME, EMAIL) values (842, 'Meris Algore', 'malgorend@marketwatch.com');
insert into UUSER_ABS (ID, FULL_NAME, EMAIL) values (843, 'Shane Pulfer', 'spulferne@tmall.com');
insert into UUSER_ABS (ID, FULL_NAME, EMAIL) values (844, 'Ingram Womersley', 'iwomersleynf@icq.com');
insert into UUSER_ABS (ID, FULL_NAME, EMAIL) values (845, 'Dottie Erswell', 'derswellng@army.mil');
insert into UUSER_ABS (ID, FULL_NAME, EMAIL) values (846, 'Teodoro Blatchford', 'tblatchfordnh@cyberchimps.com');
insert into UUSER_ABS (ID, FULL_NAME, EMAIL) values (847, 'Godart Felgat', 'gfelgatni@delicious.com');
insert into UUSER_ABS (ID, FULL_NAME, EMAIL) values (848, 'Karie Irdale', 'kirdalenj@goo.gl');
insert into UUSER_ABS (ID, FULL_NAME, EMAIL) values (849, 'Seline Jeyness', 'sjeynessnk@wunderground.com');
insert into UUSER_ABS (ID, FULL_NAME, EMAIL) values (850, 'Ynes Lamburne', 'ylamburnenl@angelfire.com');
insert into UUSER_ABS (ID, FULL_NAME, EMAIL) values (851, 'Curry Gravatt', 'cgravattnm@desdev.cn');
insert into UUSER_ABS (ID, FULL_NAME, EMAIL) values (852, 'Karyl Bridgman', 'kbridgmannn@yahoo.co.jp');
insert into UUSER_ABS (ID, FULL_NAME, EMAIL) values (853, 'Deb Jenicek', 'djenicekno@state.tx.us');
insert into UUSER_ABS (ID, FULL_NAME, EMAIL) values (854, 'Monro Summons', 'msummonsnp@army.mil');
insert into UUSER_ABS (ID, FULL_NAME, EMAIL) values (855, 'Gwenni Cartin', 'gcartinnq@yandex.ru');
insert into UUSER_ABS (ID, FULL_NAME, EMAIL) values (856, 'Floris Cicetti', 'fcicettinr@mail.ru');
insert into UUSER_ABS (ID, FULL_NAME, EMAIL) values (857, 'Eugene Cisco', 'eciscons@reverbnation.com');
insert into UUSER_ABS (ID, FULL_NAME, EMAIL) values (858, 'Granger Abramowsky', 'gabramowskynt@google.com.au');
insert into UUSER_ABS (ID, FULL_NAME, EMAIL) values (859, 'Nichole Kingscott', 'nkingscottnu@nhs.uk');
insert into UUSER_ABS (ID, FULL_NAME, EMAIL) values (860, 'Rubia Flaxon', 'rflaxonnv@e-recht24.de');
insert into UUSER_ABS (ID, FULL_NAME, EMAIL) values (861, 'Karry Feldmus', 'kfeldmusnw@cyberchimps.com');
insert into UUSER_ABS (ID, FULL_NAME, EMAIL) values (862, 'Patsy Ravel', 'pravelnx@dyndns.org');
insert into UUSER_ABS (ID, FULL_NAME, EMAIL) values (863, 'Moshe Antat', 'mantatny@tinyurl.com');
insert into UUSER_ABS (ID, FULL_NAME, EMAIL) values (864, 'Dore Adolthine', 'dadolthinenz@craigslist.org');
insert into UUSER_ABS (ID, FULL_NAME, EMAIL) values (865, 'Petronille Hoyte', 'phoyteo0@sakura.ne.jp');
insert into UUSER_ABS (ID, FULL_NAME, EMAIL) values (866, 'Hersch Wyrill', 'hwyrillo1@businesswire.com');
insert into UUSER_ABS (ID, FULL_NAME, EMAIL) values (867, 'Chauncey Colliard', 'ccolliardo2@istockphoto.com');
insert into UUSER_ABS (ID, FULL_NAME, EMAIL) values (868, 'Ingra Dabnot', 'idabnoto3@google.com.hk');
insert into UUSER_ABS (ID, FULL_NAME, EMAIL) values (869, 'Dallas Abbott', 'dabbotto4@time.com');
insert into UUSER_ABS (ID, FULL_NAME, EMAIL) values (870, 'Ezechiel Carlyle', 'ecarlyleo5@simplemachines.org');
insert into UUSER_ABS (ID, FULL_NAME, EMAIL) values (871, 'Nara Larratt', 'nlarratto6@exblog.jp');
insert into UUSER_ABS (ID, FULL_NAME, EMAIL) values (872, 'Tremaine Flipsen', 'tflipseno7@myspace.com');
insert into UUSER_ABS (ID, FULL_NAME, EMAIL) values (873, 'Korella Isselee', 'kisseleeo8@bloglines.com');
insert into UUSER_ABS (ID, FULL_NAME, EMAIL) values (874, 'Pooh Urlich', 'purlicho9@hao123.com');
insert into UUSER_ABS (ID, FULL_NAME, EMAIL) values (875, 'Christie Theyer', 'ctheyeroa@friendfeed.com');
insert into UUSER_ABS (ID, FULL_NAME, EMAIL) values (876, 'Allan Tebbet', 'atebbetob@sakura.ne.jp');
insert into UUSER_ABS (ID, FULL_NAME, EMAIL) values (877, 'Hans Brandino', 'hbrandinooc@google.com.br');
insert into UUSER_ABS (ID, FULL_NAME, EMAIL) values (878, 'Alika Ellicock', 'aellicockod@washington.edu');
insert into UUSER_ABS (ID, FULL_NAME, EMAIL) values (879, 'Carita Craine', 'ccraineoe@usa.gov');
insert into UUSER_ABS (ID, FULL_NAME, EMAIL) values (880, 'Avery Skalls', 'askallsof@dion.ne.jp');
insert into UUSER_ABS (ID, FULL_NAME, EMAIL) values (881, 'Kass Nend', 'knendog@timesonline.co.uk');
insert into UUSER_ABS (ID, FULL_NAME, EMAIL) values (882, 'Farrell Joris', 'fjorisoh@army.mil');
insert into UUSER_ABS (ID, FULL_NAME, EMAIL) values (883, 'Gale Howsin', 'ghowsinoi@istockphoto.com');
insert into UUSER_ABS (ID, FULL_NAME, EMAIL) values (884, 'Jerrie Flippini', 'jflippinioj@archive.org');
insert into UUSER_ABS (ID, FULL_NAME, EMAIL) values (885, 'Casey Rudgley', 'crudgleyok@dmoz.org');
insert into UUSER_ABS (ID, FULL_NAME, EMAIL) values (886, 'Alvinia Jiroutek', 'ajiroutekol@sfgate.com');
insert into UUSER_ABS (ID, FULL_NAME, EMAIL) values (887, 'Tate Allix', 'tallixom@chron.com');
insert into UUSER_ABS (ID, FULL_NAME, EMAIL) values (888, 'Alena Glede', 'agledeon@sfgate.com');
insert into UUSER_ABS (ID, FULL_NAME, EMAIL) values (889, 'Shannen Burner', 'sburneroo@samsung.com');
insert into UUSER_ABS (ID, FULL_NAME, EMAIL) values (890, 'Laurice Cutmere', 'lcutmereop@yolasite.com');
insert into UUSER_ABS (ID, FULL_NAME, EMAIL) values (891, 'Codi Paice', 'cpaiceoq@blog.com');
insert into UUSER_ABS (ID, FULL_NAME, EMAIL) values (892, 'Ericka Gadman', 'egadmanor@google.com');
insert into UUSER_ABS (ID, FULL_NAME, EMAIL) values (893, 'Brett Badrick', 'bbadrickos@cyberchimps.com');
insert into UUSER_ABS (ID, FULL_NAME, EMAIL) values (894, 'Josefina Hollyland', 'jhollylandot@instagram.com');
insert into UUSER_ABS (ID, FULL_NAME, EMAIL) values (895, 'Adda Sharrard', 'asharrardou@timesonline.co.uk');
insert into UUSER_ABS (ID, FULL_NAME, EMAIL) values (896, 'Quent Valenti', 'qvalentiov@furl.net');
insert into UUSER_ABS (ID, FULL_NAME, EMAIL) values (897, 'Joice Janney', 'jjanneyow@vkontakte.ru');
insert into UUSER_ABS (ID, FULL_NAME, EMAIL) values (898, 'Luelle Vanner', 'lvannerox@aol.com');
insert into UUSER_ABS (ID, FULL_NAME, EMAIL) values (899, 'Crosby Staries', 'cstariesoy@dell.com');
insert into UUSER_ABS (ID, FULL_NAME, EMAIL) values (900, 'Abba Burstowe', 'aburstoweoz@fema.gov');
insert into UUSER_ABS (ID, FULL_NAME, EMAIL) values (901, 'Thayne Livesay', 'tlivesayp0@naver.com');
insert into UUSER_ABS (ID, FULL_NAME, EMAIL) values (902, 'Charley Scoterbosh', 'cscoterboshp1@webs.com');
insert into UUSER_ABS (ID, FULL_NAME, EMAIL) values (903, 'Antons Cathenod', 'acathenodp2@com.com');
insert into UUSER_ABS (ID, FULL_NAME, EMAIL) values (904, 'Christopher Bramwell', 'cbramwellp3@hostgator.com');
insert into UUSER_ABS (ID, FULL_NAME, EMAIL) values (905, 'Flory Digby', 'fdigbyp4@apache.org');
insert into UUSER_ABS (ID, FULL_NAME, EMAIL) values (906, 'Christopher Coraini', 'ccorainip5@si.edu');
insert into UUSER_ABS (ID, FULL_NAME, EMAIL) values (907, 'Cordey O''Sharry', 'cosharryp6@wisc.edu');
insert into UUSER_ABS (ID, FULL_NAME, EMAIL) values (908, 'Rachel Clayworth', 'rclayworthp7@twitpic.com');
insert into UUSER_ABS (ID, FULL_NAME, EMAIL) values (909, 'Irma McAlarney', 'imcalarneyp8@usatoday.com');
insert into UUSER_ABS (ID, FULL_NAME, EMAIL) values (910, 'Lettie Chad', 'lchadp9@businessinsider.com');
insert into UUSER_ABS (ID, FULL_NAME, EMAIL) values (911, 'Jordain Winram', 'jwinrampa@latimes.com');
insert into UUSER_ABS (ID, FULL_NAME, EMAIL) values (912, 'Sheffy Caulkett', 'scaulkettpb@netlog.com');
insert into UUSER_ABS (ID, FULL_NAME, EMAIL) values (913, 'Sascha Desforges', 'sdesforgespc@oakley.com');
insert into UUSER_ABS (ID, FULL_NAME, EMAIL) values (914, 'Joby Ryburn', 'jryburnpd@g.co');
insert into UUSER_ABS (ID, FULL_NAME, EMAIL) values (915, 'Dud McCague', 'dmccaguepe@mysql.com');
insert into UUSER_ABS (ID, FULL_NAME, EMAIL) values (916, 'Charmion Crosston', 'ccrosstonpf@parallels.com');
insert into UUSER_ABS (ID, FULL_NAME, EMAIL) values (917, 'Maurizia Slamaker', 'mslamakerpg@oracle.com');
insert into UUSER_ABS (ID, FULL_NAME, EMAIL) values (918, 'Rex de Pinna', 'rdeph@wikia.com');
insert into UUSER_ABS (ID, FULL_NAME, EMAIL) values (919, 'Matthieu Sears', 'msearspi@mlb.com');
insert into UUSER_ABS (ID, FULL_NAME, EMAIL) values (920, 'Breena Etchells', 'betchellspj@amazonaws.com');
insert into UUSER_ABS (ID, FULL_NAME, EMAIL) values (921, 'Paton Vaugham', 'pvaughampk@sourceforge.net');
insert into UUSER_ABS (ID, FULL_NAME, EMAIL) values (922, 'Kirbee Liverseege', 'kliverseegepl@bigcartel.com');
insert into UUSER_ABS (ID, FULL_NAME, EMAIL) values (923, 'Wilie Gyer', 'wgyerpm@ucoz.com');
insert into UUSER_ABS (ID, FULL_NAME, EMAIL) values (924, 'Chaddy Spurryer', 'cspurryerpn@barnesandnoble.com');
insert into UUSER_ABS (ID, FULL_NAME, EMAIL) values (925, 'Demetria O''Cahey', 'docaheypo@gnu.org');
insert into UUSER_ABS (ID, FULL_NAME, EMAIL) values (926, 'Desdemona Tordiffe', 'dtordiffepp@pinterest.com');
insert into UUSER_ABS (ID, FULL_NAME, EMAIL) values (927, 'Cammi Le Breton', 'clepq@shareasale.com');
insert into UUSER_ABS (ID, FULL_NAME, EMAIL) values (928, 'D''arcy Frankling', 'dfranklingpr@utexas.edu');
insert into UUSER_ABS (ID, FULL_NAME, EMAIL) values (929, 'Coleman Hampshire', 'champshireps@amazonaws.com');
insert into UUSER_ABS (ID, FULL_NAME, EMAIL) values (930, 'Sabrina Gribbin', 'sgribbinpt@sfgate.com');
insert into UUSER_ABS (ID, FULL_NAME, EMAIL) values (931, 'Agace Birdwhistle', 'abirdwhistlepu@ibm.com');
insert into UUSER_ABS (ID, FULL_NAME, EMAIL) values (932, 'Nichole Kirimaa', 'nkirimaapv@ebay.co.uk');
insert into UUSER_ABS (ID, FULL_NAME, EMAIL) values (933, 'Stanly Normant', 'snormantpw@cafepress.com');
insert into UUSER_ABS (ID, FULL_NAME, EMAIL) values (934, 'Brittani Esplin', 'besplinpx@cocolog-nifty.com');
insert into UUSER_ABS (ID, FULL_NAME, EMAIL) values (935, 'Devi Clowney', 'dclowneypy@imageshack.us');
insert into UUSER_ABS (ID, FULL_NAME, EMAIL) values (936, 'Pietro Gilardone', 'pgilardonepz@xrea.com');
insert into UUSER_ABS (ID, FULL_NAME, EMAIL) values (937, 'Chancey Farbrother', 'cfarbrotherq0@pagesperso-orange.fr');
insert into UUSER_ABS (ID, FULL_NAME, EMAIL) values (938, 'Liz MacAnespie', 'lmacanespieq1@blogtalkradio.com');
insert into UUSER_ABS (ID, FULL_NAME, EMAIL) values (939, 'Brand Presslee', 'bpressleeq2@walmart.com');
insert into UUSER_ABS (ID, FULL_NAME, EMAIL) values (940, 'Forbes Kitchinham', 'fkitchinhamq3@goodreads.com');
insert into UUSER_ABS (ID, FULL_NAME, EMAIL) values (941, 'Joana Hought', 'jhoughtq4@hostgator.com');
insert into UUSER_ABS (ID, FULL_NAME, EMAIL) values (942, 'Feliks Grantham', 'fgranthamq5@hao123.com');
insert into UUSER_ABS (ID, FULL_NAME, EMAIL) values (943, 'Dell Bendel', 'dbendelq6@time.com');
insert into UUSER_ABS (ID, FULL_NAME, EMAIL) values (944, 'Adena Battams', 'abattamsq7@google.fr');
insert into UUSER_ABS (ID, FULL_NAME, EMAIL) values (945, 'Hewett Drivers', 'hdriversq8@joomla.org');
insert into UUSER_ABS (ID, FULL_NAME, EMAIL) values (946, 'Avivah Shatliffe', 'ashatliffeq9@zimbio.com');
insert into UUSER_ABS (ID, FULL_NAME, EMAIL) values (947, 'Leona Mollison', 'lmollisonqa@google.ru');
insert into UUSER_ABS (ID, FULL_NAME, EMAIL) values (948, 'Dreddy Austins', 'daustinsqb@usa.gov');
insert into UUSER_ABS (ID, FULL_NAME, EMAIL) values (949, 'Benjamin Rottgers', 'brottgersqc@nytimes.com');
insert into UUSER_ABS (ID, FULL_NAME, EMAIL) values (950, 'Ernestus Janiszewski', 'ejaniszewskiqd@diigo.com');
insert into UUSER_ABS (ID, FULL_NAME, EMAIL) values (951, 'Iona Beggio', 'ibeggioqe@issuu.com');
insert into UUSER_ABS (ID, FULL_NAME, EMAIL) values (952, 'Price McAllan', 'pmcallanqf@buzzfeed.com');
insert into UUSER_ABS (ID, FULL_NAME, EMAIL) values (953, 'Helsa Volleth', 'hvollethqg@lycos.com');
insert into UUSER_ABS (ID, FULL_NAME, EMAIL) values (954, 'Samantha Cleever', 'scleeverqh@gnu.org');
insert into UUSER_ABS (ID, FULL_NAME, EMAIL) values (955, 'Paule Rourke', 'prourkeqi@last.fm');
insert into UUSER_ABS (ID, FULL_NAME, EMAIL) values (956, 'Enoch Giacobbo', 'egiacobboqj@independent.co.uk');
insert into UUSER_ABS (ID, FULL_NAME, EMAIL) values (957, 'Romona Blakebrough', 'rblakebroughqk@jugem.jp');
insert into UUSER_ABS (ID, FULL_NAME, EMAIL) values (958, 'Coral Lorkins', 'clorkinsql@liveinternet.ru');
insert into UUSER_ABS (ID, FULL_NAME, EMAIL) values (959, 'Graig Storie', 'gstorieqm@redcross.org');
insert into UUSER_ABS (ID, FULL_NAME, EMAIL) values (960, 'Alane Oke', 'aokeqn@slashdot.org');
insert into UUSER_ABS (ID, FULL_NAME, EMAIL) values (961, 'Christalle Leadbetter', 'cleadbetterqo@arizona.edu');
insert into UUSER_ABS (ID, FULL_NAME, EMAIL) values (962, 'Derril Ducker', 'dduckerqp@themeforest.net');
insert into UUSER_ABS (ID, FULL_NAME, EMAIL) values (963, 'Meg Bletso', 'mbletsoqq@google.cn');
insert into UUSER_ABS (ID, FULL_NAME, EMAIL) values (964, 'Joshia Nelius', 'jneliusqr@wordpress.com');
insert into UUSER_ABS (ID, FULL_NAME, EMAIL) values (965, 'Leonore Pusey', 'lpuseyqs@com.com');
insert into UUSER_ABS (ID, FULL_NAME, EMAIL) values (966, 'Derwin Wagg', 'dwaggqt@redcross.org');
insert into UUSER_ABS (ID, FULL_NAME, EMAIL) values (967, 'Melloney Allsop', 'mallsopqu@answers.com');
insert into UUSER_ABS (ID, FULL_NAME, EMAIL) values (968, 'Veronika Wint', 'vwintqv@who.int');
insert into UUSER_ABS (ID, FULL_NAME, EMAIL) values (969, 'Cathee Blacktin', 'cblacktinqw@slate.com');
insert into UUSER_ABS (ID, FULL_NAME, EMAIL) values (970, 'Merl Kiefer', 'mkieferqx@fotki.com');
insert into UUSER_ABS (ID, FULL_NAME, EMAIL) values (971, 'Giovanna Bambury', 'gbamburyqy@ihg.com');
insert into UUSER_ABS (ID, FULL_NAME, EMAIL) values (972, 'Donal Whyborn', 'dwhybornqz@e-recht24.de');
insert into UUSER_ABS (ID, FULL_NAME, EMAIL) values (973, 'Carlita Gallegos', 'cgallegosr0@ucla.edu');
insert into UUSER_ABS (ID, FULL_NAME, EMAIL) values (974, 'Theressa Carruthers', 'tcarruthersr1@unblog.fr');
insert into UUSER_ABS (ID, FULL_NAME, EMAIL) values (975, 'Raimund Vallentin', 'rvallentinr2@prnewswire.com');
insert into UUSER_ABS (ID, FULL_NAME, EMAIL) values (976, 'Luella Gasker', 'lgaskerr3@bluehost.com');
insert into UUSER_ABS (ID, FULL_NAME, EMAIL) values (977, 'Zebulon Nolder', 'znolderr4@guardian.co.uk');
insert into UUSER_ABS (ID, FULL_NAME, EMAIL) values (978, 'Justus Casino', 'jcasinor5@ucoz.com');
insert into UUSER_ABS (ID, FULL_NAME, EMAIL) values (979, 'Robbi Kingswell', 'rkingswellr6@csmonitor.com');
insert into UUSER_ABS (ID, FULL_NAME, EMAIL) values (980, 'Coletta Rozzell', 'crozzellr7@theguardian.com');
insert into UUSER_ABS (ID, FULL_NAME, EMAIL) values (981, 'Gerti Abrahmovici', 'gabrahmovicir8@t.co');
insert into UUSER_ABS (ID, FULL_NAME, EMAIL) values (982, 'Junina Blasik', 'jblasikr9@bravesites.com');
insert into UUSER_ABS (ID, FULL_NAME, EMAIL) values (983, 'Rufus Spirit', 'rspiritra@icq.com');
insert into UUSER_ABS (ID, FULL_NAME, EMAIL) values (984, 'Kirstin Attwool', 'kattwoolrb@samsung.com');
insert into UUSER_ABS (ID, FULL_NAME, EMAIL) values (985, 'Derrik Cade', 'dcaderc@blogtalkradio.com');
insert into UUSER_ABS (ID, FULL_NAME, EMAIL) values (986, 'Iormina Stagge', 'istaggerd@cornell.edu');
insert into UUSER_ABS (ID, FULL_NAME, EMAIL) values (987, 'Godard Brumfield', 'gbrumfieldre@umich.edu');
insert into UUSER_ABS (ID, FULL_NAME, EMAIL) values (988, 'Eryn Zotto', 'ezottorf@free.fr');
insert into UUSER_ABS (ID, FULL_NAME, EMAIL) values (989, 'Bobbette Bartolomieu', 'bbartolomieurg@hibu.com');
insert into UUSER_ABS (ID, FULL_NAME, EMAIL) values (990, 'Con Thring', 'cthringrh@google.nl');
insert into UUSER_ABS (ID, FULL_NAME, EMAIL) values (991, 'Betsey Keating', 'bkeatingri@gravatar.com');
insert into UUSER_ABS (ID, FULL_NAME, EMAIL) values (992, 'Marnie Capponeer', 'mcapponeerrj@wufoo.com');
insert into UUSER_ABS (ID, FULL_NAME, EMAIL) values (993, 'Malanie Strasse', 'mstrasserk@microsoft.com');
insert into UUSER_ABS (ID, FULL_NAME, EMAIL) values (994, 'Baxie Thebes', 'bthebesrl@a8.net');
insert into UUSER_ABS (ID, FULL_NAME, EMAIL) values (995, 'Addy Groneway', 'agronewayrm@fotki.com');
insert into UUSER_ABS (ID, FULL_NAME, EMAIL) values (996, 'Alejandra Anyene', 'aanyenern@youtube.com');
insert into UUSER_ABS (ID, FULL_NAME, EMAIL) values (997, 'Carlyle Castangia', 'ccastangiaro@webeden.co.uk');
insert into UUSER_ABS (ID, FULL_NAME, EMAIL) values (998, 'Ricardo Waddilow', 'rwaddilowrp@wsj.com');
insert into UUSER_ABS (ID, FULL_NAME, EMAIL) values (999, 'Miner Bridgwater', 'mbridgwaterrq@phoca.cz');
insert into UUSER_ABS (ID, FULL_NAME, EMAIL) values (1000, 'Netty Alfonsetti', 'nalfonsettirr@networksolutions.com');
